,F,G(0),G(1),G(2),G(3),G(4),G(5),G(6),G(7),G(8),G(9),G(10),G(11),G(12),G(13),G(14),G(15),G(16),G(17),G(18),G(19),G(20),G(21),G(22),G(23),G(24),G(25),G(26),G(27),G(28),G(29),G(30),G(31),G(32),G(33),G(34),G(35),G(36),G(37),G(38),G(39),G(40),G(41),G(42),G(43),G(44),G(45),G(46),G(47),G(48),G(49),G(50),G(51),G(52),G(53),L(0),L(1),L(2),L(3),L(4),L(5),L(6),L(7),L(8),L(9),L(10),L(11),L(12),L(13),L(14),L(15),L(16),L(17),L(18),L(19),L(20),L(21),L(22),L(23),L(24),L(25),L(26),L(27),L(28),L(29),L(30),L(31),L(32),L(33),L(34),L(35),L(36),L(37),L(38),L(39),L(40),L(41),L(42),L(43),L(44),L(45),L(46),L(47),L(48),L(49),L(50),L(51),L(52),L(53),P(0),P(1),P(2),P(3),P(4),P(5),P(6),P(7),P(8),P(9),P(10),P(11),P(12),P(13),P(14),P(15),P(16),P(17),P(18),P(19),P(20),P(21),P(22),P(23),P(24),P(25),P(26),P(27),P(28),P(29),P(30)
0,0.08946769870971916,-0.227674,-0.496573,0.444057,-0.401848,-0.155401,-0.420835,-0.335211,-0.301903,-0.469195,-0.263734,-0.363341,0.208217,-0.631534,-0.2686,-0.0636117,-0.311749,-0.518401,-0.785645,-0.915256,-0.967133,-0.40862,-0.543961,-0.356478,-0.76055,-0.449419,-0.733288,-0.531761,-0.698963,-0.726839,-0.67564,-0.660587,-0.464913,-0.733731,-0.622876,-0.528997,-0.623569,-0.70344,-0.776019,-0.83232,-0.892803,0.138207,0.407105,0.533524,0.31238,0.0659331,0.331368,0.245743,0.212435,0.379728,0.174266,0.273874,0.297685,0.542066,0.179132,0.0,0.0,0.0,0.0,0.0,0.0,0.0,0.0,0.0,0.0,0.0,0.0,0.0,0.0,0.0,0.0,0.0,0.0,0.0,0.0,0.0,0.0,0.0,0.0,0.0,0.0,0.0,0.0,0.0,0.0,0.0,0.0,0.0,0.0,0.0,0.0,0.0,0.0,0.0,0.0,0.0,0.0,0.0,0.0,0.0,0.0,0.0,0.0,0.0,0.0,0.0,0.0,0.0,0.0,0.9105323012902808,87.46833809920346,113.5886288128418,0.2740164493138726,0.4012911617579292,1.0,0.2805676963550556,0.66155135655168,1.0,0.9315602462238151,0.006862752248834481,0.3597632672304486,0.597806941260635,1.0,0.6294443721836368,0.7571276252497473,0.02914680719699286,0.6492856632663905,0.7313548872918291,1.0,0.4930024842394397,0.5382469808912537,0.7388679535247483,0.4600886949899247,0.6855837904365748,0.2468676192038202,0.938622138407775,0.8012836263383756,1.0,0.08159718097692975,0.3805622961722096
1,0.7500277269980647,-0.386264,-0.40715,-0.304713,-0.212456,-0.139211,-0.28702,-0.434272,-0.460538,-0.477896,-0.37256,-0.51241,-0.576174,-0.609167,-0.556547,-0.0152605,-0.274461,-0.502248,-0.783677,-0.917303,-0.982394,-0.616727,-0.38678,0.0180125,-0.313166,-0.252644,-0.478055,-0.662869,-0.804774,-0.840418,-0.679626,-0.734102,-0.865053,-0.86247,-0.583859,-0.494271,-0.59936,-0.713269,-0.782684,-0.834379,-0.887826,-0.363764,-0.342877,-0.445315,-0.537571,-0.610817,-0.463008,-0.315756,-0.28949,-0.272132,-0.377468,-0.237618,-0.173854,-0.140861,-0.193481,0.0,0.0,0.888113,0.0,0.0,0.0,0.0,0.0,0.0,0.0,0.0,0.416434,0.0,0.0,0.0,0.0,0.0,0.0,0.0,0.0,0.0,0.0,0.0,0.0,0.0,0.0,0.0,0.0,0.0,0.0,0.0,0.0,0.0,0.0,0.0,0.0,0.0,0.0,0.0,0.0,0.276413,0.81421,1.06705,0.624761,0.131866,0.662735,0.491486,0.42487,0.759456,0.348532,0.547747,0.59537,1.08413,0.358265,0.2499722730019352,90.83072747221013,64.60440436313206,0.9069280627169269,0.2491076051196146,0.8266237935439367,0.01680353107006871,0.4945577065746434,0.5843061295740903,0.7424085053462504,0.0,0.2186451646503192,0.296476648545391,0.3803686395192715,0.4255943419951964,0.8149405691323055,0.2834449887329018,0.869143927614539,0.0,1.0,0.8737215705659377,0.6209419519927029,0.7355213732229258,0.5880562029545701,0.5977791151080448,0.8848787081549219,0.9632835013455507,0.8643865321104522,0.9390455336356033,0.4002499838285865,0.0
2,0.4451934041382873,-0.382256,-0.394698,-0.262528,-0.274109,-0.0345201,-0.376933,-0.481153,-0.455061,-0.473426,-0.437525,-0.442026,-0.567786,-0.477832,-0.551776,-0.0953484,-0.335701,-0.538661,-0.79628,-0.920551,-0.984656,-0.643483,-0.387957,-0.0930793,-0.600576,-0.581522,-0.545138,-0.679253,-0.801838,-0.841018,-0.762686,-0.725079,-0.855887,-0.755228,-0.704443,-0.691906,-0.711179,-0.713534,-0.76974,-0.826349,-0.8697,-0.0629375,-0.0504958,-0.182666,-0.171084,-0.410673,-0.0682608,0.0359593,0.00986804,0.0282324,-0.00766802,-0.00316719,0.122593,0.0326384,0.106582,0.0,0.0,0.0,0.0,0.0,0.0,0.0,0.0,0.0,0.0,0.0,0.0,0.0,0.0,0.0,0.0,0.0,0.0,0.0,0.0,0.0,0.0,0.0360249,0.0,0.0,0.0,0.0,0.0,0.0,0.0,0.0,0.0,0.0,0.0,0.0,0.0,0.0,0.0,0.0,0.0,0.0,0.0,0.0,0.0,0.0,0.0,0.0,0.0,0.0,0.0,0.0,0.0,0.0,0.0,0.5548065958617127,90.4159124156659,80.57371017526,1.0,0.1895140549724298,0.8252950740736855,0.0,0.459933700504306,0.6297835426164354,0.7901493348789695,0.0,0.1874461408808593,0.4422871568449509,0.5001790355855513,0.4334962486488957,0.7660010215182966,0.3293342967620831,1.0,0.01723203921923477,1.0,0.914341027439072,0.7953024722256555,0.7788172738406314,0.504208303226434,0.5420839083686364,0.8773139502289109,0.9555930764911806,0.7498379212893893,0.9753648502109482,0.3832828027087291,0.0
3,0.467424836960759,-0.426218,-0.516374,-0.215838,-0.390457,-0.137175,-0.31697,-0.478479,-0.452966,-0.469067,-0.490124,-0.41639,-0.420201,-0.425958,-0.543169,0.102492,-0.207481,-0.460999,-0.767217,-0.911946,-0.982378,-0.682542,-0.685281,0.0863477,-0.730202,-0.078646,-0.219683,-0.489329,-0.706435,-0.746943,-0.717623,-0.539844,-0.611948,-0.640208,-0.489987,-0.405732,-0.540417,-0.672482,-0.768312,-0.816179,-0.91499,-0.0412071,0.0489496,-0.251587,-0.0769683,-0.33025,-0.150455,0.0110541,-0.0144593,0.00164266,0.0226992,-0.0510349,-0.0472236,-0.0414673,0.0757439,0.0,0.0,0.0,0.0,0.0,0.0,0.0,0.0,0.0,0.0,0.0,0.0,0.0,0.0,0.0,0.0,0.0,0.0,0.0,0.0,0.0,0.0,0.0,0.0,0.0,0.0,0.0,0.0,0.0,0.0,0.0,0.0,0.0,0.0,0.0,0.0,0.0,0.0,0.0,0.0,0.0,0.0,0.0,0.0,0.0,0.0,0.126048,0.0321609,0.123018,0.0,0.0,0.472964,0.169918,0.318976,0.532575163039241,87.2047843890437,43.81388618938728,0.994934012687935,0.2243321635757883,1.0,0.0,0.4310286314603052,0.650748876399031,0.8661725896075329,0.000125876385041912,0.2107487972097583,0.2965321387445191,0.3935116402192809,0.4067110288869191,0.7606966996765692,0.3447737376050419,1.0,0.05268017833320693,0.9999894012783204,0.9068337233725121,0.8149439854315103,0.7819723304699863,0.407704322943576,0.4085490491445704,0.7595859352396077,0.9467061369622607,0.7274508966086214,0.9297945451782809,0.3462597261897459,0.0003748798008904597
4,0.4751519020001039,-0.354464,-0.509367,-0.249856,-0.381857,-0.0603216,-0.353242,-0.434039,-0.447751,-0.463329,-0.408812,-0.472521,-0.489806,-0.348339,-0.0771649,-0.122268,-0.335015,-0.535287,-0.796068,-0.922014,-0.984095,-0.55465,-0.484692,-0.11375,-0.726499,-0.594334,-0.539333,-0.842874,-0.834905,-0.834078,-0.741536,-0.68834,-0.741964,-0.671238,-0.606801,-0.671847,-0.690926,-0.70317,-0.774523,-0.831924,-0.866482,-0.120687,0.0342148,-0.225295,-0.0932945,-0.41483,-0.12191,-0.0411128,-0.0274005,-0.0118226,-0.0663396,-0.00263125,0.0146542,-0.126813,-0.397987,0.0,0.0,0.0,0.0,0.0,0.0,0.0,0.0,0.0,0.0,0.0,0.0,0.0,0.0,0.204984,0.0,0.0,0.0,0.0,0.0,0.0,0.0,0.172695,0.0,0.0,0.0,0.0,0.0,0.0,0.0,0.0,0.0,0.0,0.0,0.0,0.0,0.0,0.0,0.0,0.0,0.0,0.110423,0.0,0.0,0.0,0.0,0.203544,0.00324228,0.137333,0.0453985,0.0,0.108586,0.0,0.772342,0.5248480979998961,94.09406881607018,75.93649816983697,0.9971874252944333,0.2629888632425575,0.9720440712858138,0.0,0.3642187686436401,0.5710009638202085,0.8465052042498045,0.01837849272546999,0.2387692848481202,0.5664835267191682,0.4228107875432065,0.4168938237418517,0.8440807554636138,0.3880026805397179,0.9994219255310495,0.02960267351564622,0.9995982284821976,0.9049083054680427,0.7798518066510217,0.8509207433751267,0.5686545925179487,0.3352477919221706,0.7812593056931256,0.959258106344923,0.6388770287218235,0.8951965293301651,0.01417254427989095,0.0009019676347115646
5,0.4407848091437871,-0.317501,-0.49703,-0.361868,-0.333943,-0.124949,-0.218397,-0.458484,-0.440201,-0.463906,-0.226829,-0.469413,-0.362984,-0.294862,-0.285696,-0.0644911,-0.304725,-0.518952,-0.792919,-0.922424,-0.97754,-0.428522,-0.33222,-0.11346,-0.44861,-0.380548,-0.468267,-0.617674,-0.713583,-0.716429,-0.652912,-0.576035,-0.669495,-0.622685,-0.519784,-0.549921,-0.652675,-0.698969,-0.781594,-0.84777,-0.87552,-0.123283,0.0562448,-0.0789169,-0.106842,-0.315835,-0.222388,0.0176995,-0.000583528,0.0231207,-0.213956,0.0286278,-0.0778008,-0.145923,-0.155089,0.0,0.0,0.0,0.0,0.0,0.0,0.0,0.0,0.0,0.0,0.0,0.0,0.0,0.0,0.0,0.0,0.0,0.0,0.0,0.0,0.0,0.0,0.0,0.0,0.0,0.0,0.0,0.0,0.0,0.0,0.0,0.0,0.0,0.0,0.0,0.0,0.0,0.0,0.0,0.0,0.0,0.264789,0.0,0.0,0.0,0.0,0.0,0.0,0.0858179,0.0,0.0,0.165122,0.0,0.0,0.5592151908562129,97.11895753503194,66.60043226067013,0.9982825031787317,0.3416829881797651,0.9684163759668283,0.0,0.6165188126347648,0.5534236873810817,0.8266331129661022,0.05989610199408385,0.2429852834629285,0.4101231255535841,0.307286056048602,0.4142822023339929,0.6509516908168227,0.2997351499771503,0.9860211546846216,0.02254861643736289,0.9998641200382843,0.8930487886554865,0.6234308653940732,0.8366561855400929,0.3859963141802638,0.3465574763047373,0.7528246817238937,0.9511172827986758,0.6276959968520665,0.9373548182984618,0.04963869442532098,6.387640055427468e-05
6,0.4063611184554293,-0.286003,-0.348439,-0.400977,-0.32761,-0.158792,-0.21079,-0.417207,-0.451308,-0.474246,-0.401376,-0.404652,-0.235045,-0.314448,-0.428904,0.00670561,-0.268809,-0.500084,-0.789538,-0.922209,-0.969549,-0.317198,0.0748813,0.0308958,-0.218692,-0.00576072,-0.302405,-0.250183,-0.578444,-0.577902,-0.568366,-0.219522,-0.527421,-0.58051,-0.200629,-0.413619,-0.522606,-0.623064,-0.76564,-0.850901,-0.89809,-0.120358,-0.0579218,-0.00538391,-0.0787508,-0.24757,-0.195571,0.0108461,0.0449466,0.0678849,-0.00498478,-0.00170878,-0.171316,-0.0919129,0.0225428,0.0,0.0,0.0,0.0,0.0,0.0,0.0,0.0,0.0,0.0,0.0,0.0,0.0,0.0,0.0,0.0,0.0,0.0,0.0,0.0,0.0,0.0,0.0,0.0,0.0,0.0,0.0,0.0,0.0,0.0,0.0,0.0,0.0,0.0,0.0,0.0,0.0,0.0,0.0,0.0,0.0,0.554211,0.0,0.0,0.0,0.0,0.0620422,0.0,0.153549,0.0,0.0572556,0.0,0.0,0.0,0.5936388815445707,100.3719208975327,53.1478258976859,0.9996568824369126,0.360806462140974,0.8050487324706915,0.0003452158389614657,0.6612061698284819,0.5339202968127932,0.8096527111016905,0.05255933326206219,0.2490152565416128,0.3764252794211979,0.342117709221919,0.4957034238238343,0.6186115054681949,0.4044057500409272,0.9444248078146202,0.0,1.0,0.9007388114495052,0.7473504228245859,0.7731231335770036,0.2762993957490819,0.2095358532907979,0.7006318307294765,0.9489107316398501,0.5912884409677974,0.9087312036030388,0.09902614588794123,0.0004295484084719248
7,0.4392627832665821,-0.319267,-0.408284,-0.338643,-0.378054,-0.194174,-0.244697,-0.132525,-0.395954,-0.452772,-0.480303,-0.11214,-0.2597,-0.362338,-0.43298,-0.0572919,-0.303625,-0.518448,-0.79225,-0.922273,-0.978442,-0.446643,-0.122329,-0.0732081,-0.665714,-0.559525,-0.412734,-0.322985,-0.644819,-0.751416,-0.721034,-0.488467,-0.607268,-0.619469,-0.566093,-0.556886,-0.658687,-0.703996,-0.781103,-0.845798,-0.87527,-0.119995,-0.0309786,-0.10062,-0.0612085,-0.245089,-0.194566,-0.306738,-0.0433085,0.0135088,0.0410401,-0.327123,-0.179562,-0.0769249,-0.00628268,0.0,0.0,0.0,0.0,0.0,0.0,0.0,0.0,0.0,0.0,0.0,0.0,0.0,0.0,0.0134112,0.0,0.0,0.0,0.0,0.0,0.0,0.149763,0.0617915,0.0,0.0,0.0,0.0,0.0,0.0,0.0,0.0,0.0,0.0,0.0,0.0,0.0,0.0,0.0,0.0,0.0,0.0,0.0,0.0,0.0,0.0,0.0,0.13808,0.0898933,0.551283,0.0,0.0504205,0.0,0.0,0.0495282,0.5607372167334179,96.52136168192987,67.13275345763807,1.0,0.3461145362310963,0.8518458922315646,0.0,0.6862113687461289,0.6530564057934889,0.8962091025398987,0.006391985566970404,0.3080383308612808,0.4552970289885957,0.4765562500205928,0.5731767333256498,0.5374374615239568,0.0,0.943084274879916,0.0,0.9993050608124611,0.9205791661669543,0.9523548910032802,0.8038316914185611,0.1248607413779116,0.251902379737768,0.7162767591656811,0.9718200106170212,0.568612188539464,0.8783879269537425,0.1012604823283644,0.0
8,0.4401458036440785,-0.327271,-0.367092,-0.29225,-0.371222,-0.237443,-0.230503,-0.178054,-0.406307,-0.437566,-0.373141,-0.284253,-0.174402,-0.411876,-0.407795,-0.0968749,-0.328679,-0.533261,-0.796846,-0.922716,-0.981778,-0.487908,-0.130144,-0.0832328,-0.668103,-0.634798,-0.437233,-0.469478,-0.707873,-0.757611,-0.717958,-0.568692,-0.651767,-0.748616,-0.556301,-0.643852,-0.66257,-0.698471,-0.777028,-0.826685,-0.865118,-0.112875,-0.0730536,-0.147896,-0.0689237,-0.202703,-0.209643,-0.262092,-0.0338388,-0.00258014,-0.0670047,-0.155893,-0.265744,-0.0282696,-0.032351,0.0,0.0,0.0,0.0,0.0,0.0,0.0,0.0,0.0,0.0,0.0,0.0,0.0,0.0,0.0,0.0,0.0,0.0,0.0,0.0,0.0,0.0,0.0,0.0,0.0,0.0,0.0,0.0,0.0,0.0,0.0,0.0,0.0,0.0,0.0,0.0,0.0,0.0,0.0,0.0,0.0,0.0,0.0,0.0,0.0,0.0,0.0,0.0,0.709577,0.0820803,0.0,0.0,0.0,0.0219211,0.5598541963559215,96.15696770395023,73.55787502922638,0.9997877330225655,0.3376673217585476,0.8082582275007201,0.0,0.5551817411049018,0.6381519345616504,0.8555783938589362,0.006385412216507291,0.4007462291194265,0.5522059498741108,0.4946089998715053,0.6183117319463902,0.5721791998266011,0.01087109668036873,0.9523666511860419,0.0002663791188646791,1.0,0.9290020202294845,0.7941805471938241,1.0,0.2224343536267249,0.2509681935929642,0.6768284479006477,0.9702773344058222,0.5595608828409946,0.8433978084522893,0.08900641104911433,0.0004376906230105782
9,0.3908905704068723,-0.351819,-0.344884,-0.417202,-0.361812,-0.107716,-0.269244,-0.12851,-0.389238,-0.432264,-0.36731,-0.37403,-0.175792,-0.260751,-0.305847,-0.0758178,-0.309947,-0.520698,-0.790779,-0.920333,-0.982698,-0.564136,-0.242338,-0.0182984,-0.691961,-0.546707,-0.403319,-0.330042,-0.730241,-0.79467,-0.649049,-0.605255,-0.583518,-0.649299,-0.672698,-0.572993,-0.674979,-0.716315,-0.779726,-0.83726,-0.875806,-0.0390719,-0.0460062,0.0263114,-0.0290791,-0.283174,-0.121647,-0.26238,-0.00165274,0.0413737,-0.0235803,-0.0168607,-0.215099,-0.13014,-0.0850439,0.0,0.0,0.0,0.0,0.0,0.0,0.0,0.0,0.0,0.0,0.0,0.0,0.0,0.0,0.0,0.0,0.0,0.0,0.0,0.0,0.0,0.0,0.0,0.0,0.0,0.0,0.0,0.0,0.0,0.0,0.0,0.0,0.0,0.0,0.0,0.0,0.0,0.0,0.0,0.0,0.0,0.0,0.0,0.0,0.0,0.0,0.0,0.0,0.679343,0.0,0.0,0.0,0.0,0.0,0.6091094295931277,93.49221303244806,70.19699736355496,0.9998056957555724,0.3543321706290034,0.7904518876701954,0.0,0.7221514701709806,0.5493782909807599,0.9985244904537764,0.0,0.346408563215262,0.6223748097176202,0.4873587316658671,0.5563187573503332,0.5286254362660598,0.0,0.9324447945297508,0.0003629547195517779,0.999184875076915,0.8810766706161963,0.7935145388928808,1.0,0.3156707374230222,0.2505709336200961,0.6829852908534549,0.9681182867202776,0.560622875248349,0.9273510625792998,0.05650307341142008,0.0
10,0.4411950623118719,-0.363596,-0.394143,-0.0840831,-0.328571,-0.162899,-0.269591,-0.140685,-0.39414,-0.433991,-0.370992,-0.381695,-0.12806,-0.328394,-0.439168,-0.0832107,-0.317681,-0.525647,-0.791763,-0.919784,-0.984964,-0.588388,-0.308785,-0.201004,-0.569118,-0.518547,-0.434998,-0.38167,-0.779149,-0.791097,-0.676856,-0.605931,-0.585164,-0.697651,-0.698425,-0.604291,-0.697041,-0.72358,-0.778325,-0.833437,-0.874311,-0.0775989,-0.0470517,-0.357112,-0.112624,-0.278296,-0.171604,-0.30051,-0.0470552,-0.00720397,-0.070203,-0.0594999,-0.313136,-0.112801,-0.00202665,0.0,0.0,0.0,0.0,0.0,0.0,0.0,0.0,0.0,0.0,0.0,0.0,0.0,0.0,0.0,0.0,0.0,0.0,0.0,0.0,0.0,0.0,0.0,0.0,0.0,0.0,0.0,0.0,0.0,0.0,0.0,0.0,0.0,0.0,0.0,0.0,0.0,0.0,0.0,0.0,0.0,0.0,0.0526229,0.0,0.0,0.0,0.0,0.0,1.02036,0.0,0.0,0.0,0.0,0.0,0.5588049376881281,91.94184087045711,73.16552635299306,1.0,0.3502262399924774,0.8366503397681875,0.0,0.6009368846713464,0.8131296255169489,0.8216538052072759,0.006138758580142067,0.3608160783351856,0.5648334014167273,0.4830145665949119,0.5438663918806261,0.5547433667846196,0.0005518560087365287,0.9380886742088099,0.0007094535868207297,0.9981422067092651,0.8863658052583427,0.7955605904317619,1.0,0.3174509551136511,0.2524530302572885,0.643199983233462,0.969337437612121,0.5614370666054043,0.8985399939143698,0.1047827013793025,0.0
11,0.4150018494559552,-0.363088,-0.40703,-0.312646,-0.359397,-0.153947,-0.206195,-0.145765,-0.395379,-0.42996,-0.367631,-0.144056,-0.0929358,-0.231977,-0.383514,-0.100136,-0.327499,-0.53111,-0.793477,-0.920181,-0.984796,-0.600994,-0.350422,-0.0329852,-0.723605,-0.610401,-0.444804,-0.422557,-0.795141,-0.787251,-0.69779,-0.594187,-0.562533,-0.684855,-0.704833,-0.639855,-0.715636,-0.72133,-0.776562,-0.832031,-0.871823,-0.0519138,-0.00797225,-0.102355,-0.0556048,-0.261055,-0.208806,-0.269237,-0.0196224,0.0149581,-0.0473711,-0.270946,-0.322066,-0.183025,-0.0314874,0.0,0.0,0.0,0.0,0.0,0.0,0.0,0.0,0.0,0.0,0.0,0.0,0.0,0.0,0.0,0.0,0.0,0.0,0.0,0.0,0.0,0.0,0.0,0.0,0.0,0.0,0.0,0.0,0.0,0.0,0.0,0.0,0.0,0.0,0.0,0.0,0.0,0.0,0.0,0.0,0.0,0.0,0.0,0.0,0.0,0.0,0.0,0.0,0.901601,0.0,0.0,0.0,0.0,0.0,0.5849981505440448,91.8295313587621,75.29365389048968,0.9993819810904907,0.3631718416077694,0.8524424739360775,0.0002063847669380725,0.5688132399138153,0.6028479272967996,0.8948857243587722,0.006202537128546404,0.3598976149301891,0.5944722199709228,0.4138788699417086,0.5697797103839551,0.5751713961298645,0.0007331294203239413,0.9157824614135686,0.00183125972871867,0.9982846242505521,0.8940818139707468,0.7957515970692337,1.0,0.1377409614888362,0.101612741061738,0.5944668439914472,0.9503423679109382,0.5161815453064829,0.9024619455770435,0.08019697767441325,0.0
12,0.427455484112135,-0.369893,-0.403191,-0.349206,-0.357712,-0.118734,-0.207441,-0.108494,-0.383811,-0.428029,-0.221211,-0.232455,-0.165064,-0.0772382,-0.348028,-0.0254619,-0.277933,-0.500496,-0.78238,-0.917046,-0.981498,-0.616717,-0.397641,-0.0582304,-0.732606,-0.460456,-0.330191,-0.152121,-0.773223,-0.780795,-0.547652,-0.532577,-0.459484,-0.483819,-0.636678,-0.465581,-0.591677,-0.709303,-0.780869,-0.83316,-0.890413,-0.057563,-0.0242647,-0.0782496,-0.0697439,-0.308722,-0.220014,-0.318962,-0.043644,0.000573518,-0.206245,-0.195,-0.262392,-0.350217,-0.0794275,0.0,0.0,0.0,0.0,0.0,0.0,0.0,0.0,0.0,0.0,0.0,0.0,0.0,0.0,0.0,0.0,0.0,0.0,0.0,0.0,0.0,0.0,0.0,0.0,0.0,0.0,0.0,0.0,0.0,0.0,0.0,0.0,0.0,0.0,0.0,0.0,0.0,0.0,0.0,0.0,0.0,0.0,0.0,0.0,0.0,0.0,0.0,0.0,1.04363,0.0,0.0,0.0,0.0,0.0,0.572544515887865,91.23800827477665,62.60448218633137,0.9999849608364004,0.3586637103935073,0.8530095492080496,0.0,0.6341638905879516,0.5740224852751499,0.914474701752507,0.001960700361629542,0.3471749174417952,0.596012907433519,0.3939197534795479,0.5290096916160689,0.5400208117154033,0.000515159165396406,0.9457559766732169,0.0,1.0,0.8963727702329438,0.7933946416916058,0.9995482215773215,0.1910225308552221,0.1032886950959709,0.6735153666960679,0.9533212966866865,0.4655181595841288,0.9311615239885963,0.07251471502663526,0.0
13,0.4323989139242125,-0.363165,-0.386142,-0.329561,-0.358127,-0.117042,-0.217704,-0.0831843,-0.380613,-0.423473,-0.208303,-0.114344,-0.0679748,-0.0204148,-0.36518,0.0284464,-0.244718,-0.48064,-0.775896,-0.91603,-0.978273,-0.600316,-0.335483,-0.060438,-0.719598,-0.343031,-0.192995,-0.0151565,-0.735893,-0.772884,-0.484536,-0.311002,-0.372568,-0.413097,-0.576676,-0.405222,-0.543587,-0.676668,-0.774451,-0.831332,-0.903785,-0.0692337,-0.0462566,-0.102838,-0.074272,-0.315357,-0.214695,-0.349215,-0.0517858,-0.00892623,-0.224096,-0.318055,-0.364424,-0.411984,-0.0672189,0.0,0.0,0.0,0.0,0.0,0.0,0.0,0.0,0.0,0.0,0.0,0.0,0.0,0.0,0.0,0.0,0.0,0.0,0.0,0.0,0.0,0.0,0.0,0.0,0.0,0.0,0.0,0.0,0.0,0.0,0.0,0.0,0.0,0.0,0.0,0.0,0.0,0.0,0.0,0.0,0.0,0.0,0.0,0.0,0.0,0.0,0.0,0.0,1.05452,0.0,0.0,0.0,0.0,0.0,0.5676010860757875,92.18297225806214,53.03895703582042,1.0,0.348034630497792,0.8415860264379016,0.0002528152996201238,0.6392991787353931,0.6057243045063858,0.961581696713407,0.008009753654840857,0.3430817944449402,0.5707777318808,0.4184122012695325,0.5193069038170754,0.5323541228227775,0.0002318039244101344,0.9450563184884283,0.0001312842441414941,0.9993850648037798,0.8950712945475552,0.7939845436811411,0.9995825056428476,0.1416687602796681,0.0,0.605560277899648,0.9316318782649824,0.4661817829451911,0.9358587633002822,0.08177758669487711,0.0
14,0.4333874540595354,-0.353594,-0.401992,-0.170975,-0.37262,-0.0896997,-0.365562,-0.0984135,-0.37944,-0.424313,-0.213405,-0.0878624,-0.164437,-0.133052,-0.265176,-0.0110381,-0.266565,-0.492781,-0.780284,-0.917384,-0.978938,-0.566356,-0.313554,-0.162283,-0.697023,-0.275026,-0.320552,-0.126246,-0.725269,-0.778189,-0.512285,-0.392372,-0.435849,-0.486358,-0.584789,-0.441916,-0.571673,-0.694395,-0.77894,-0.835151,-0.895386,-0.0797939,-0.0313956,-0.262412,-0.060767,-0.343688,-0.0678256,-0.334974,-0.0539472,-0.00907466,-0.219983,-0.345525,-0.268951,-0.300335,-0.168212,0.0,0.0,0.0,0.0,0.0,0.0,0.0,0.0,0.0,0.0,0.0,0.0,0.0,0.0,0.0568928,0.0,0.0,0.0,0.0,0.0,0.0,0.0,0.0,0.0,0.0,0.0,0.0,0.0,0.0,0.0,0.0,0.0,0.0,0.0,0.0,0.0,0.0,0.0,0.0,0.0,0.0,0.0,0.0,0.0,0.0,0.0,0.0,0.0,0.96286,0.0,0.0,0.0,0.0,0.0,0.5666125459404646,92.80374100330219,58.16786995986638,1.0,0.3604499940103536,0.8520296009948479,0.001208283250026199,0.6505632431451197,0.7820932112805454,1.0,0.01146252108268903,0.287238214756499,0.5197279254063001,0.6656582725108527,0.5744309762889237,0.5410475798494687,0.0005100138135322174,0.9436406341285506,0.0001726219278244123,0.9965833497530203,0.8680728488170257,0.7938489103291486,0.9987285483108346,0.1275384429418783,0.0002146517833556127,0.6072438935369313,0.8983753641222482,0.4188637251452673,0.8831721598181803,0.05288242236717311,0.0
15,0.4148359911702205,-0.363309,-0.419589,-0.178864,-0.375805,-0.246361,-0.378886,-0.116692,-0.322463,-0.415182,-0.223674,-0.107313,-0.338533,-0.204426,-0.204176,-0.0209547,-0.271843,-0.495581,-0.780329,-0.916474,-0.980867,-0.586114,-0.40539,-0.138058,-0.726633,-0.311488,-0.302823,-0.177502,-0.433325,-0.775179,-0.507763,-0.384483,-0.515456,-0.526238,-0.562194,-0.448393,-0.577877,-0.699098,-0.780112,-0.832095,-0.894001,-0.0515266,0.00475342,-0.235972,-0.0390308,-0.168475,-0.0359496,-0.298144,-0.0923732,0.000346132,-0.191162,-0.307523,-0.0763026,-0.21041,-0.21066,0.0,0.0,0.0,0.0,0.0,0.0,0.0,0.0,0.0,0.0,0.0,0.0,0.0,0.0,0.0127405,0.0,0.0,0.0,0.0,0.0,0.0,0.0,0.0,0.0,0.0,0.0,0.0,0.0,0.0,0.0,0.0,0.0,0.0,0.0,0.0,0.0,0.0,0.0,0.0,0.0,0.0,0.0,0.0,0.0,0.0,0.0,0.0,0.0,0.873815,0.0,0.0,0.0,0.0,0.0,0.5851640088297795,91.12820647324622,60.12946511292374,0.999330045217265,0.3270933689072675,0.8601076303842458,0.000300702895166427,0.6811624577109081,0.7947788681967919,0.9840509044617136,0.01328332667367754,0.5065555061225344,0.6042952267201112,0.6794887647471526,0.5507647924745297,0.5355545001306423,0.001068244425778742,0.7577978642643912,0.0001959039545266217,0.9982243626793261,0.8469509604805507,0.794414072497041,0.9979540066234982,0.1384072762637754,0.0,0.7395405460040549,0.9111851355362861,0.4798708410781833,0.8766885027894143,0.04147311534124898,0.0
16,0.3778432151636456,-0.370817,-0.428782,-0.312549,-0.369248,-0.401698,-0.379173,-0.10438,-0.113226,-0.373365,-0.240447,-0.160127,-0.269368,-0.147716,-0.258748,0.0106648,-0.25201,-0.4835,-0.774539,-0.913582,-0.9821,-0.658542,-0.320231,-0.130942,-0.748757,-0.738807,-0.123086,-0.00634601,0.00709955,-0.630466,-0.464471,-0.12729,-0.453847,-0.480231,-0.566325,-0.402029,-0.54389,-0.676437,-0.775051,-0.820273,-0.904455,-0.00702601,0.0509388,-0.0652946,-0.00859532,0.0238551,0.00133021,-0.273464,-0.264618,-0.00447857,-0.137397,-0.217716,-0.108476,-0.230127,-0.119095,0.0,0.0,0.0,0.0,0.0,0.0,0.0,0.0,0.0,0.0,0.0,0.0,0.0,0.0,0.0,0.0,0.0,0.0,0.0,0.0,0.0,0.0,0.0,0.0,0.0,0.0,0.0,0.0,0.0,0.0,0.0,0.0,0.0,0.0,0.0,0.0,0.0,0.0,0.0,0.0,0.0,0.00950684,0.0,0.0,0.0,0.0,0.0,0.0,0.87705,0.0,0.0,0.0,0.0,0.0,0.6221567848363544,87.4005865356224,55.0631446901092,0.9984653179396945,0.3046638934053328,0.8649995983231883,0.0006581417119045363,0.7594389307173247,0.7527042213663973,0.9776148983999948,0.02028539240937655,1.0,0.6325585411376092,0.7572122387571745,0.5687309341417097,0.5301587080630578,0.0,0.4419616613954877,0.0004015608580295038,1.0,0.8913780998854525,0.795210108291514,0.9952204656684347,0.1652873089670042,7.08343949856749e-06,0.7058420808059315,0.902895776779646,0.5066529380188536,0.9098290538551881,0.05385892916194823,0.000694420583786326
17,0.3763407664771146,-0.398737,-0.37815,-0.349607,-0.364766,-0.279243,-0.39594,-0.111859,-0.106771,-0.365554,-0.404988,-0.199987,-0.364015,-0.245866,-0.27073,-0.00103371,-0.259529,-0.4882,-0.776572,-0.914411,-0.981993,-0.661644,-0.314025,-0.129343,-0.742141,-0.344186,-0.256251,-0.036689,0.016288,-0.663002,-0.560526,-0.265724,-0.505721,-0.536822,-0.582899,-0.417949,-0.554215,-0.683101,-0.777406,-0.824163,-0.900439,0.0223963,0.00180919,-0.026734,-0.0115744,-0.0970981,0.0195997,-0.264482,-0.26957,-0.0107868,0.0286476,-0.176354,-0.0123259,-0.130475,-0.10561,0.0,0.0,0.0,0.0,0.0,0.0,0.0,0.0,0.0,0.0,0.0,0.0,0.0,0.0,0.0213296,0.0,0.0,0.0,0.0,0.0,0.0,0.0,0.0,0.0,0.0,0.0,0.0,0.0141991,0.0,0.0,0.0,0.0,0.0,0.0,0.0,0.0,0.0,0.0,0.0,0.0,0.0,0.111384,0.0,0.0,0.0477103,0.00266042,0.0,0.0,0.835108,0.0,0.0,0.0,0.0,0.0,0.6236592335228854,88.41607064497842,57.32198463000115,0.9978612834018152,0.276861860270184,0.8305598682181548,0.0007626980184500254,0.7571420769374021,0.6997035284041111,0.9742835406677168,0.01823858270380468,0.6109500314394778,0.6165894440822868,0.8076352942732925,0.6386443416084926,0.530771031903142,0.0,0.3661837134443179,6.146572943871442e-05,0.9997349467769057,0.8962833089999286,0.7973818647193667,0.9946486374010042,0.1993346097254356,0.0,0.7378938850596752,0.889996211332877,0.5211721618827452,0.872881618990017,0.05574462255123075,0.001017529866140676
18,0.3630571136938041,-0.354153,-0.371202,-0.252703,-0.364272,-0.24542,-0.350184,-0.0595856,-0.0802498,-0.364072,-0.229201,-0.152491,-0.371416,-0.177387,-0.245413,-0.00477767,-0.26407,-0.491743,-0.780388,-0.917822,-0.978131,-0.567079,-0.310078,-0.138053,-0.691462,-0.297769,-0.160919,-0.0819535,-0.0481454,-0.672553,-0.48619,-0.368279,-0.501129,-0.52102,-0.571054,-0.433714,-0.567028,-0.691919,-0.779157,-0.836495,-0.896223,-0.00890416,0.00814439,-0.110354,0.00121465,-0.117637,-0.0128729,-0.303471,-0.282807,0.00101478,-0.133856,-0.210566,0.00835864,-0.185671,-0.117644,0.0,0.0,0.0,0.0,0.0,0.0,0.0,0.0,0.0,0.0,0.0,0.0,0.0,0.0,0.0171947,0.0,0.0,0.0,0.0,0.0,0.0,0.0,0.0,0.0,0.0,0.0,0.0,0.0467752,0.0,0.0,0.0,0.0,0.0,0.0,0.0,0.0,0.0,0.0,0.0,0.0,0.0447927,0.118621,0.0,0.0,0.0,0.0418598,0.0,0.0,0.736533,0.0572952,0.0,0.0,0.0,0.0,0.6369428863061959,93.42468352100973,57.2799980946414,0.9997617077310331,0.2889035524155548,0.8244428357595112,0.001706214837705999,0.7004764344493326,0.7337964655326611,0.9872655399441955,0.005942156381130381,0.5407649371589002,0.6197448867452151,0.7508845433393356,0.6223709171442412,0.3692336323618799,0.00088149329879883,0.3091015943138095,0.00078067713575114,0.9990570801716645,0.8893548847222198,0.7954357663946381,0.9985962656072156,0.1658642051164755,0.00135752631151409,0.7336758156444451,0.8732012117929655,0.4843171164690424,0.8865673677582165,0.05024643863934131,0.001460269031314743
19,0.3548661241197355,-0.366008,-0.365809,-0.244582,-0.360425,-0.223656,-0.365329,-0.101561,-0.0994944,-0.358,-0.389901,-0.113042,-0.212913,-0.181752,-0.247754,-0.0064937,-0.263366,-0.490603,-0.779086,-0.916699,-0.979301,-0.604261,-0.350405,-0.140426,-0.708633,-0.29352,-0.184872,-0.128384,-0.0328716,-0.698655,-0.548872,-0.359953,-0.455147,-0.509225,-0.572581,-0.434895,-0.566553,-0.690848,-0.778407,-0.83328,-0.897002,0.0111414,0.0109432,-0.110284,0.00555892,-0.13121,0.0104632,-0.253306,-0.255372,0.00313346,0.0350347,-0.241824,-0.141953,-0.173114,-0.107112,0.0,0.0,0.0,0.0,0.0,0.0,0.0,0.0,0.0,0.0,0.0,0.0,0.0,0.0,0.00763936,0.0,0.0,0.0,0.0,0.0,0.0,0.0,0.0,0.0,0.0,0.0,0.0,0.0,0.0,0.0,0.0,0.0,0.0,0.0,0.0,0.0,0.0,0.0,0.0,0.0,0.00917602,0.146672,0.0,0.0024293,0.0,0.0,0.0,0.0,0.745242,0.0,0.0,0.0167173,0.0,0.0,0.6451338758802645,92.11475002777715,57.48981783495882,1.0,0.3008516017610519,0.8193480321108757,0.00145148164954223,0.6910764783143588,0.7327278448838662,0.9665990166832771,0.01000568170584243,0.5098856622420572,0.6190615424118996,0.7364821083186076,0.5952705296662233,0.5076600341757956,0.0004154136490991389,0.3382172370020943,0.0008088261292232835,0.9981187311334994,0.8823147463129887,0.7963797791499485,1.0,0.1427515925000248,0.0,0.6067652301797712,0.8686673916905108,0.4625973952284271,0.8759376274372979,0.05041933134577176,0.003554814950194274
20,0.3568018580739565,-0.351834,-0.349915,-0.202484,-0.342555,-0.356946,-0.191048,-0.0803783,-0.0867329,-0.361655,-0.271407,-0.22059,-0.192654,-0.0302893,-0.269531,-0.00012187,-0.259964,-0.488936,-0.778817,-0.916861,-0.978754,-0.557296,-0.297439,-0.252813,-0.666965,-0.405237,-0.103689,-0.0250858,-0.037251,-0.689475,-0.501579,-0.354622,-0.434112,-0.412202,-0.574633,-0.424712,-0.560477,-0.687562,-0.777517,-0.833684,-0.898054,-0.00496773,-0.00688664,-0.154317,-0.0142472,0.000143805,-0.165754,-0.276424,-0.270069,0.00485284,-0.0853952,-0.136211,-0.164147,-0.326513,-0.0872712,0.0,0.0,0.0,0.0,0.0,0.0,0.0,0.0,0.0,0.0,0.0,0.0,0.0,0.0,0.0,0.0,0.0,0.0,0.0,0.0,0.0,0.0,0.0,0.0,0.0,0.0,0.0,0.0,0.0,0.0,0.0,0.0,0.0,0.0,0.0,0.0,0.0,0.0,0.0,0.0,0.0314589,0.188582,0.0,0.0135471,0.0,0.0209265,0.0,0.0,0.772293,0.0700694,0.0,0.0,0.0,0.0,0.6431981419260435,92.49265351358639,56.65081713671481,0.9996783270104261,0.340137088565831,0.8176612459027075,0.0007696033342541875,0.733246254868736,0.0,0.9666153516875218,0.005982262494981017,0.6768730218443471,0.5970880492167991,0.6282244816085472,0.6813328954310607,0.4149120639890249,0.0,0.3443793240096114,0.0,0.998794015183878,0.8560695999581625,0.7905642209352,0.9983265570908123,0.2142369340288934,0.0006632340756190791,0.5864265583162791,0.8654125228405527,0.4257489550526096,0.9182933482543151,0.05440986704931206,0.0
21,0.3694043305687934,-0.351151,-0.344744,-0.285656,-0.327065,-0.191818,-0.260051,-0.0440549,-0.0685615,-0.358843,-0.343025,-0.171299,-0.0719681,-0.124781,-0.265242,-0.00226188,-0.26068,-0.489058,-0.779045,-0.917212,-0.978206,-0.568632,-0.310722,0.0110227,-0.662724,-0.282205,-0.203898,-0.0291699,-0.0190339,-0.687401,-0.469776,-0.381244,-0.409923,-0.465651,-0.574871,-0.431529,-0.562715,-0.68781,-0.777588,-0.83477,-0.898147,-0.0182529,-0.0246598,-0.0837484,-0.042339,-0.177586,-0.109354,-0.325349,-0.300843,-0.0105615,-0.0263794,-0.198105,-0.297436,-0.244623,-0.104162,0.0,0.0,0.0,0.0,0.0,0.0,0.0,0.0,0.0,0.0,0.0,0.0,0.0,0.0,0.0,0.0,0.0,0.0,0.0,0.0,0.0,0.0,0.0,0.0,0.0,0.0,0.0,0.0,0.0,0.0,0.0,0.0,0.0,0.0,0.0,0.0,0.0,0.0,0.0,0.0,0.011588,0.135833,0.0,0.0,0.00028761,0.0,0.0,0.0,0.814939,0.0,0.0,0.0,0.0,0.0,0.6305956694312066,92.99624182783104,56.22136361220004,0.999822100562034,0.2581060559813875,0.8097895969203919,0.00132732852771561,0.6353072973375047,0.1276990653505254,0.9672637556839002,0.005956558896012598,0.5952243767974252,0.7014664631248777,0.7003190706033539,0.7117786751757985,0.3692980789483135,0.0001427494612281088,0.2962724026652143,0.000415575854414818,0.9991553436310526,0.8724079498416213,0.7932583091148534,1.0,0.1755371246665854,0.0002176884341123508,0.5315712144329603,0.8682598234291601,0.4074882015130628,0.8760964024315203,0.05376051620374384,0.003042138614926804
22,0.3420354018403805,-0.353068,-0.341817,-0.357465,-0.330324,-0.23377,-0.349766,-0.0780508,-0.0651973,-0.353684,-0.384407,-0.184483,-0.00190151,-0.0332657,-0.259159,0.00277271,-0.257178,-0.487028,-0.778594,-0.917339,-0.977584,-0.576582,-0.318723,-0.00677096,-0.667267,-0.254464,-0.153936,-0.054992,0.003028,-0.673526,-0.544953,-0.383523,-0.365754,-0.404627,-0.56336,-0.422915,-0.556473,-0.683844,-0.776449,-0.834975,-0.899723,0.0110323,-0.000218553,0.0154299,-0.0117112,-0.108265,0.00773107,-0.263985,-0.276838,0.0116483,0.0423716,-0.157553,-0.340134,-0.30877,-0.0828763,0.0,0.0,0.0,0.0,0.0,0.0,0.0,0.0,0.0,0.0,0.0,0.0,0.0,0.0,0.0,0.0,0.0,0.0,0.0,0.0,0.0,0.0,0.0220454,0.0,0.0,0.0,0.0,0.0,0.0,0.0,0.0,0.0,0.0,0.0,0.0,0.0,0.0,0.0,0.0,0.0,0.0,0.0413915,0.0,0.0,0.0,0.0,0.0,0.0,0.719597,0.0,0.0,0.0,0.0,0.0,0.6579645981596195,93.35533897992043,55.0352585741087,1.0,0.2383483130074474,0.8035956449680499,0.0,0.548026962689091,0.2722413085552958,0.9669875624150609,0.0,0.5762069547060067,0.6435837425526749,0.7262019387439987,0.5859858574693728,0.3924246970304251,0.0003599271856249975,0.2937977712843202,0.0004628755375000182,0.9996197049063638,0.8852302781221865,0.7966382949875976,1.0,0.1844417299317773,0.0,0.470190457710604,0.8691374447461844,0.3977017224118473,0.9076907785226425,0.05197046074481571,0.0
23,0.3455740371081206,-0.34889,-0.341732,-0.296362,-0.324589,-0.21553,-0.209423,-0.0577371,-0.0654841,-0.359171,-0.343692,-0.117168,-0.197152,-0.147236,-0.104035,-0.0214136,-0.268667,-0.492868,-0.780417,-0.917707,-0.978335,-0.562027,-0.293608,-0.0559638,-0.658893,-0.344709,-0.233162,-0.0527563,-0.0384189,-0.682531,-0.476787,-0.385497,-0.452974,-0.482911,-0.489967,-0.44206,-0.57156,-0.693575,-0.778216,-0.835768,-0.895851,0.00331575,-0.0038424,-0.049212,-0.0209849,-0.130044,-0.136151,-0.287837,-0.28009,0.0135972,-0.0018823,-0.228406,-0.148422,-0.198338,-0.241539,0.0,0.0,0.0,0.0,0.0,0.0,0.0,0.0,0.0,0.0,0.0,0.0,0.0,0.0,0.00554542,0.0,0.0,0.0,0.0,0.0,0.0,0.0,0.0,0.0,0.0,0.0,0.0,0.006056,0.0,0.0,0.0,0.0,0.0,0.0,0.0,0.0,0.0,0.0,0.0,0.0,0.0220645,0.0409468,0.0308599,0.0,0.0,0.0154621,0.0,0.0,0.818408,0.0847432,0.0,0.0,0.0,0.0,0.6544259628918794,93.31136024916299,57.58855227510462,0.9990966164408609,0.2203317412669604,0.8059641750361967,0.0006355123763381321,0.582417907827826,0.1471465017902502,0.977186133087424,0.0,0.5714519449437221,0.6679558992037055,0.7007805816347177,0.7669235446421563,0.3775977705234798,0.0002997556300255444,0.2807345954300889,0.0,0.9996304005607004,0.8870805792313065,0.7931035865772651,1.0,0.14425351982312,0.0,0.5919369177708744,0.8702989296463746,0.3664876991070072,0.8504821504879263,0.02627977083086552,0.002140916613049548
24,0.3566365004375452,-0.350947,-0.34938,-0.327921,-0.34189,-0.21109,-0.350166,-0.0775387,-0.0617588,-0.357916,-0.34184,-0.0956915,-0.026906,-0.113012,-0.25101,-0.0143577,-0.267275,-0.492777,-0.780807,-0.918174,-0.977741,-0.567014,-0.296793,-0.0429343,-0.673874,-0.298582,-0.155905,-0.0869428,-0.0470833,-0.665807,-0.474005,-0.41468,-0.391631,-0.458166,-0.572559,-0.447366,-0.57241,-0.693353,-0.778452,-0.837147,-0.895765,-0.00568906,-0.00725667,-0.0287153,-0.0147463,-0.145546,-0.00647031,-0.279098,-0.294878,0.00127996,-0.014797,-0.260945,-0.329731,-0.243625,-0.105626,0.0,0.0,0.0,0.0,0.0,0.0,0.0,0.0,0.0,0.0,0.0,0.0,0.0,0.0,0.0,0.0,0.0,0.0,0.0,0.0,0.0,0.0,0.0,0.0,0.0,0.0,0.0,0.0,0.0,0.0,0.0,0.0,0.0,0.0,0.0,0.0,0.0,0.0,0.0,0.0,0.0353275,0.0331716,0.0,0.0,0.0,0.0,0.0,0.0,1.0491,0.077214,0.0,0.0,0.0,0.0,0.6433634995624548,93.8770400828902,57.23986388801431,0.9980356580778666,0.2958891728395061,0.8062835411502555,6.24644833246979e-05,0.5408038491371643,0.5106909250908165,0.9716629035492341,0.0004233681214100837,0.6120743457888173,0.6974289600781693,0.7759301539548322,0.6587234132754788,0.3835698997785832,0.0,0.2803194704162536,0.0,1.0,0.8854023751910844,0.7939885574975818,1.0,0.1340556400061357,0.0,0.4895204045841758,0.8728080044693072,0.3040268897182405,0.8331355252474911,0.04954522779010423,0.001542339057063191
25,0.3642087352440913,-0.351639,-0.347826,-0.318191,-0.344663,-0.18921,-0.367108,-0.082722,-0.0710303,-0.353247,-0.37782,-0.0251953,-0.0547331,-0.0489554,-0.263837,-0.0159674,-0.267807,-0.492994,-0.780829,-0.918124,-0.977871,-0.565787,-0.288783,-0.0882792,-0.69389,-0.26663,-0.189173,-0.106341,-0.0558251,-0.66504,-0.543488,-0.414392,-0.403006,-0.421139,-0.579506,-0.4497,-0.57345,-0.693857,-0.778264,-0.83695,-0.895524,-0.0125702,-0.0163825,-0.0460176,-0.019546,-0.174999,0.00289952,-0.281487,-0.293178,-0.010962,0.0136109,-0.339013,-0.309476,-0.315253,-0.100372,0.0,0.0,0.0,0.0,0.0,0.0,0.0,0.0,0.0,0.0,0.0,0.0,0.0,0.0,0.0,0.0,0.0,0.0,0.0,0.0,0.0,0.0,0.0,0.0,0.0,0.0,0.0,0.0,0.0,0.0,0.0,0.0,0.0,0.0,0.0,0.0,0.0,0.0,0.0,0.0,0.0239494,0.0186582,0.0,0.0,0.0,0.0,0.0,0.0,1.09253,0.0360971,0.0,0.0,0.0,0.0,0.6357912647559087,93.80552857254624,57.4418927326317,0.9972544418733142,0.2485215229399833,0.8043503296966841,0.0,0.5998304750847491,0.5740345029103737,0.9742875796068237,0.001247061494290214,0.5361924382455233,0.6611268212320888,0.7245319658529236,0.5479555174100822,0.3905002986683203,0.0003654129583990917,0.3007313644168319,0.0,0.9989961021829631,0.882512343521506,0.7960278829387487,0.9994541107086037,0.1098492982508016,0.0,0.4992931563830306,0.8693588515794644,0.2624669333347748,0.8428461480832941,0.05155356799281979,0.001731665103052948
26,0.3525190755154214,-0.352856,-0.338332,-0.299297,-0.343562,-0.234807,-0.26723,-0.0564422,-0.0673865,-0.352252,-0.378132,-0.0324196,-0.037467,-0.0497842,-0.0666926,-0.021204,-0.266719,-0.491337,-0.780136,-0.917949,-0.977575,-0.572615,-0.294452,-0.0532186,-0.678962,-0.327681,-0.173615,-0.0464493,-0.0354339,-0.662872,-0.540237,-0.397735,-0.38976,-0.415282,-0.460756,-0.43781,-0.56704,-0.689897,-0.777172,-0.836259,-0.897185,0.000336818,-0.0141871,-0.0532222,-0.00895671,-0.117713,-0.0852888,-0.296077,-0.285133,-0.000267097,0.0256127,-0.3201,-0.315052,-0.302735,-0.285827,0.0,0.0,0.0,0.0,0.0,0.0,0.0,0.0,0.0,0.0,0.0,0.0,0.0,0.0,0.0,0.0,0.0,0.0,0.0,0.0,0.0,0.0,0.0,0.0,0.0,0.0,0.0,0.0,0.0,0.0,0.0,0.0,0.0,0.0,0.0,0.0,0.0,0.0,0.0,0.0,0.0,0.0,0.0,0.0,0.0,0.00579904,0.0,0.0,0.906548,0.0633188,0.0,0.0,0.0,0.0,0.6474809244845786,93.7940069338493,56.45391797218112,0.9955416846005567,0.1929358622234544,0.7944961492091362,0.0002238774166516966,0.535423295035131,0.5579718887047578,0.980225392111275,0.003258964220603289,0.5809004056224744,0.6536664641202594,0.7614316249317234,0.7476043375258721,0.3750025718483502,8.12014681880191e-05,0.3010997640153058,0.0,0.999424329079696,0.8907100095861815,0.795991611753001,0.9990926391730816,0.1134709907262456,0.0,0.5332928276581799,0.8886025168333532,0.292629277978747,0.8591683888645841,0.02158870837395011,0.0015271265584067
27,0.3488730524778008,-0.358351,-0.348893,-0.284752,-0.343953,-0.128732,-0.231084,-0.0452162,-0.0666768,-0.356392,-0.211241,-0.0278133,-0.0591841,-0.0523023,-0.0330312,-0.0196892,-0.264618,-0.489668,-0.779111,-0.917283,-0.978071,-0.590972,-0.335407,-0.0627319,-0.681146,-0.306628,-0.196985,-0.00891752,-0.0229546,-0.681719,-0.464648,-0.38292,-0.396611,-0.413215,-0.44018,-0.433644,-0.564049,-0.687828,-0.776494,-0.834484,-0.898243,0.0094784,2.03225e-05,-0.0641211,-0.00492021,-0.220141,-0.117789,-0.303657,-0.282196,0.00751903,-0.137632,-0.32106,-0.289689,-0.296571,-0.315842,0.0,0.0,0.0,0.0,0.0,0.0,0.0,0.0,0.0,0.0,0.0,0.0,0.0,0.0,0.0,0.0,0.0,0.0,0.0,0.0,0.0,0.0,0.0,0.0,0.0,0.0,0.0,0.0,0.0,0.0,0.0,0.0,0.0,0.0,0.0,0.0,0.0,0.0,0.0,0.0,0.000673637,0.0,0.0,0.0,0.0,0.0,0.0,0.0,0.904005,0.16577,0.0,0.0,0.0,0.0,0.6511269475221992,93.13768185552836,56.14621063869927,0.9951616902397535,0.1772190489182659,0.8061859982383779,8.659402813659955e-05,0.5210783683475465,0.5691327325347711,0.9815290152879769,0.002544059126718179,0.5734566015836672,0.7396374261194236,0.7625187100419335,0.7948241071959234,0.3755474788904609,0.0,0.2991912461220524,0.0002432880662889825,0.9992124896290259,0.8885924037938067,0.795453086988223,0.9994557829901053,0.1120452225377569,0.0,0.5406170718348942,0.8842856627530157,0.3050488573285962,0.8645168235554695,0.01816647906613716,0.001813837807811192
