,F,G(0),G(1),G(2),G(3),G(4),G(5),G(6),G(7),G(8),G(9),G(10),G(11),G(12),G(13),G(14),G(15),G(16),G(17),G(18),G(19),G(20),G(21),G(22),G(23),G(24),G(25),G(26),G(27),G(28),G(29),G(30),G(31),G(32),G(33),G(34),G(35),G(36),G(37),G(38),G(39),G(40),G(41),G(42),G(43),G(44),G(45),G(46),G(47),G(48),G(49),G(50),G(51),G(52),L(0),L(1),L(2),L(3),L(4),L(5),L(6),L(7),L(8),L(9),L(10),L(11),L(12),L(13),L(14),L(15),L(16),L(17),L(18),L(19),L(20),L(21),L(22),L(23),L(24),L(25),L(26),L(27),L(28),L(29),L(30),L(31),L(32),L(33),L(34),L(35),L(36),L(37),L(38),L(39),L(40),L(41),L(42),L(43),L(44),L(45),L(46),L(47),L(48),L(49),L(50),L(51),L(52),P(0),P(1),P(2),P(3),P(4),P(5),P(6),P(7),P(8),P(9),P(10),P(11),P(12),P(13),P(14),P(15),P(16),P(17),P(18),P(19),P(20),P(21),P(22),P(23),P(24),P(25),P(26),P(27),P(28),P(29),P(30)
0,0.7667315037237991,-0.155695,-0.54226,-0.301343,-0.330284,-0.237462,-0.117461,-0.184765,-0.308217,-0.300139,-0.194209,-0.448397,-0.542769,-0.0459552,-0.565103,-0.0504936,-0.198344,-0.412579,-0.710699,-0.86148,-0.957113,0.169804,-0.215336,-0.0927251,-0.269375,-0.466699,-0.442565,-0.36011,-0.537986,-0.530601,-0.460292,-0.660254,-0.741134,-0.395527,-0.529022,-0.261559,-0.416862,-0.553531,-0.724491,-0.819536,-0.905836,-0.224472,-0.465388,-0.436448,-0.52927,-0.64927,-0.581966,-0.458514,-0.466592,-0.572522,-0.318334,-0.223962,-0.720776,-0.201629,0.0,0.0,0.0,0.0,0.0,0.0,0.0,0.0,0.0,0.0,0.0,0.0,0.0,0.0,0.0,0.0,0.0,0.0,0.0,0.0,0.0,0.0,0.0,0.0,0.0,0.0,0.0,0.0,0.0,0.0,0.0,0.0,0.0,0.0,0.0,0.0,0.0,0.0,0.0,0.0,0.0,0.0,0.0,0.0,0.0,0.0,0.0,0.0,0.0,0.0,0.0,0.0,0.0,0.2332684962762009,83.17721611165378,59.70139370918947,0.2808516613911725,0.5748281902793337,0.6602470694535835,0.5063914644907458,0.4716089826441162,0.523625839329356,0.8,0.34363083587611,0.8,0.7,0.5553799954917427,0.6298495159401833,0.4060173196509784,0.3,0.8,0.6713534339966711,0.4768172647995514,0.4563458766529154,0.2842545599794335,0.3878172525401767,0.7684716282924619,0.6667172565398765,0.8,0.7,0.1352174156826935,0.7,0.5467258269260715,0.3172216375095762
1,0.4079041054982976,-0.341301,-0.469696,-0.249436,-0.31455,-0.26453,-0.0623732,-0.288992,-0.334284,-0.350491,-0.320928,-0.458353,-0.496169,-0.238703,-0.608461,-0.0969206,-0.314011,-0.515337,-0.771395,-0.896301,-0.968047,-0.187211,-0.444485,-0.346703,-0.2421,-0.516464,-0.445358,-0.338848,-0.661619,-0.503264,-0.538307,-0.675486,-0.708697,-0.746614,-0.695868,-0.753944,-0.767188,-0.767176,-0.806253,-0.855067,-0.910789,0.0617922,-0.158468,-0.0933545,-0.143374,-0.345531,-0.118912,-0.0736204,-0.0574133,-0.0869756,0.0504488,0.0882645,-0.169201,0.200557,0.0,0.0,0.0,0.0,0.0,0.0,0.0,0.0,0.0,0.0,0.0,0.0,0.0,0.0,0.0,0.0,0.0,0.0,0.0,0.0,0.339607,0.0,0.0,0.0,0.0,0.0,0.0,0.0,0.0,0.0,0.0,0.0,0.0,0.0,0.0,0.0,0.0,0.0,0.0,0.0,0.0,0.0,0.0,0.0,0.0,0.0,0.0,0.0,0.0,0.0,0.0,0.0,0.0,0.5920958945017024,89.78664795102146,93.14409818569982,0.4977427449459618,0.5785304507888926,0.5429305717655556,0.5564948601074687,0.4669148194511616,0.5643434993982599,0.7923756014186826,0.3171163481850515,0.8,0.6247245225125277,0.5847890410215637,0.7,0.622107324787263,0.3042083759350056,0.7973615987638111,0.5270568270334188,0.5909525045462254,0.4102573063146326,0.4988750826799591,0.484343717770423,0.6394457995350717,0.6198586016795778,0.6129404853347813,0.6942357388297065,0.226029510470215,0.6878919619657157,0.3567892842849045,0.3152360739913367
2,0.4594171146819721,-0.29986,-0.199932,-0.342566,-0.306091,-0.261724,-0.104203,-0.36084,-0.362654,-0.408582,-0.371304,-0.488198,-0.343576,-0.497717,-0.271167,0.0269854,-0.189748,-0.421745,-0.724312,-0.872166,-0.959077,-0.185156,-0.112195,0.0719417,-0.0195758,-0.414615,-0.334636,-0.544697,-0.6302,-0.646226,-0.557197,-0.660406,-0.630594,-0.64183,-0.629311,-0.406574,-0.518559,-0.65262,-0.828531,-0.895511,-0.933648,-0.259485,-0.116851,-0.153326,-0.197693,-0.355214,-0.098577,-0.0967635,-0.0508352,-0.0881131,0.0287808,-0.115841,0.0383002,-0.18825,0.0,0.0,0.0,0.0,0.0,0.0,0.0,0.0,0.0,0.0,0.0,0.0,0.0,0.0,0.0,0.0,0.0,0.0,0.0,0.0,0.0,0.0,0.0,0.0,0.0,0.0,0.0,0.0,0.0,0.0,0.0,0.0,0.0,0.0,0.0,0.0,0.0,0.0,0.0,0.0,0.123584,0.0,0.0,0.0,0.0,0.0,0.0,0.0,0.0,0.100898,0.176529,0.0,0.401114,0.5405828853180279,95.19483585757416,60.34903242812929,0.6095412905520942,0.5661143400189026,0.1565103699402073,0.4766074549667962,0.5407171401975748,0.3822035049616326,0.7272840723094742,0.3004805946729361,0.7737022432841729,0.6451610222100598,0.5183828027866366,0.6241251202060831,0.6659718247312246,0.411234658230957,0.8,0.5987115129333126,0.8,0.4246760068933245,0.5806525632598434,0.4725219171846452,0.7722442543046982,0.6209566728582145,0.5036755152853257,0.7,0.5055269784916191,0.5971211421769753,0.09517457365995108,0.4061440768251199
3,0.360805256372995,-0.31989,-0.190694,-0.344101,-0.232363,-0.210425,-0.0607458,-0.334817,-0.347654,-0.354941,-0.256943,-0.321049,-0.388784,-0.394915,-0.301597,0.00221184,-0.267838,-0.496959,-0.775247,-0.905525,-0.968715,-0.0619075,-0.212263,-0.376007,-0.0608502,-0.453295,-0.320185,-0.556438,-0.656919,-0.465669,-0.520677,-0.610844,-0.659782,-0.656419,-0.687663,-0.490683,-0.608787,-0.726938,-0.825299,-0.869462,-0.922021,-0.170111,-0.0167048,-0.128442,-0.15038,-0.300059,-0.0259884,-0.0131512,-0.00586384,-0.103862,-0.0397566,0.0279784,0.0341092,-0.0592085,0.0,0.0,0.0,0.0,0.0,0.0,0.0,0.0,0.0,0.0,0.0,0.0,0.0,0.0,0.0539709,0.0,0.0,0.0,0.0,0.0,0.0,0.0,0.143883,0.0,0.0,0.0,0.0,0.0,0.0,0.0,0.0,0.0,0.0,0.0,0.0,0.0,0.0,0.0,0.0,0.0,0.0,0.0,0.0,0.0,0.0,0.0,0.0,0.0,0.0,0.216021,0.0,0.0766004,0.0,0.639194743627005,87.54151608186957,117.4286480959952,0.405697623996688,0.5401568187417182,0.2033809972950537,0.5626773080079828,0.7076386947519892,0.5954799584820515,0.5606219685852636,0.3715822559653124,0.7204933268035787,0.6811419397373228,0.5897343018222081,0.7,0.7220439791035393,0.4011339320066005,0.6772106209896123,0.5613194955499013,0.6002893602879162,0.439942921442286,0.4943556246360551,0.5996017307253118,0.48864883006011,0.6472847065435089,0.5208210977671032,0.6741926391822285,0.4290420886360113,0.6882719271030042,0.1269511789795407,0.501437206983667
4,0.2955708330525816,-0.321962,-0.227907,-0.292969,-0.311562,-0.238282,-0.116275,-0.353327,-0.357664,-0.378519,-0.209345,-0.3226,-0.274576,-0.276292,-0.346506,-0.10438,-0.302811,-0.501822,-0.760792,-0.888851,-0.963618,-0.145699,-0.142905,-0.291959,-0.268791,-0.545856,-0.337315,-0.617515,-0.643768,-0.410088,-0.548525,-0.669402,-0.727737,-0.7278,-0.734478,-0.755747,-0.755457,-0.758539,-0.804017,-0.854754,-0.909661,-0.0676634,-0.00260152,0.015991,-0.0572887,-0.179296,0.0577559,0.062093,0.0829483,-0.086226,0.0270289,-0.0209953,-0.0192784,0.0509348,0.0,0.0,0.0,0.0,0.0,0.0,0.0,0.0,0.0,0.0,0.0,0.0,0.0,0.0,0.0628183,0.0,0.0,0.0,0.0,0.0,0.0,0.0,0.0,0.0,0.0,0.0,0.0,0.0,0.0,0.0,0.0,0.0,0.0,0.0,0.0,0.0,0.0,0.0,0.0,0.0,0.0,0.0,0.0,0.0,0.0,0.0,0.0,0.0,0.0,0.03124,0.0587762,0.213037,0.0,0.7044291669474184,90.72158005308384,87.61080242267654,0.5349242647067602,0.5908939644911779,0.1865998275348325,0.4558795917607996,0.4098338248910089,0.3398109930664223,0.8,0.3747140557294126,0.7678699485553386,0.6784117912071388,0.6199626508874949,0.6737719832815017,0.7211826721855746,0.4127820364195098,0.6974779264799347,0.5523790386675531,0.6078785900317036,0.4940979116483423,0.4476442269516449,0.6461097222857364,0.4575783195263896,0.6403019312655146,0.3439007558034301,0.6829392401219296,0.2606654650073746,0.696775379102621,0.1132964604206831,0.4246785259674432
5,0.3072457008784928,-0.318801,-0.271029,-0.293371,-0.311728,-0.232805,-0.147958,-0.331029,-0.272411,-0.321253,-0.356494,-0.294773,-0.255485,-0.262385,-0.240651,-0.106193,-0.301551,-0.500271,-0.759482,-0.888006,-0.96358,-0.103046,-0.18457,-0.293356,-0.228857,-0.545341,-0.35488,-0.56044,-0.439258,-0.467963,-0.673397,-0.630592,-0.730535,-0.728046,-0.743816,-0.733735,-0.734064,-0.740441,-0.794962,-0.850077,-0.907443,-0.0362171,-0.0138749,0.0044821,-0.074441,-0.159288,0.0237833,-0.0348344,0.0140075,0.049248,-0.0124727,-0.0517611,-0.0448603,-0.0665946,0.0,0.0,0.0,0.0,0.0,0.0,0.0,0.0,0.0,0.0,0.0,0.0,0.0,0.0,0.0,0.0,0.0,0.0,0.0,0.0,0.0,0.0,0.0,0.0,0.0,0.0,0.0,0.0,0.0,0.0,0.0,0.0,0.0,0.0,0.0,0.0,0.0,0.0,0.0,0.0,0.0,0.0,0.031982,0.0,0.0,0.115512,0.124186,0.165897,0.0,0.0940525,0.0,0.124056,0.10187,0.6927542991215072,89.7619730381709,87.41933450375699,0.4992726443058075,0.5859730390526614,0.2008808870455321,0.4358139337235844,0.4164332501523434,0.3511172888627238,0.7441661507858404,0.3764610180055697,0.7827698516265149,0.6898926318526265,0.5634712614992071,0.5943697644114183,0.7901631997932786,0.4232125593028345,0.6156402850863749,0.5578744681130535,0.5857295139367166,0.4819486019143018,0.6223811015937519,0.6659532273518145,0.4201178235979344,0.6392686654957741,0.328574142597249,0.6843880862778581,0.2406111950668717,0.6845811951107983,0.07534884173149997,0.4798220392154141
6,0.2861991094890604,-0.361448,-0.158078,-0.311705,-0.314265,-0.230997,-0.160639,-0.315272,-0.273927,-0.200978,-0.239815,-0.3107,-0.0800308,-0.213983,-0.281597,-0.102846,-0.317887,-0.520997,-0.77718,-0.901028,-0.971798,-0.107815,-0.0615745,-0.361693,-0.204259,-0.554941,-0.340582,-0.662165,-0.450294,-0.541381,-0.55558,-0.696319,-0.760389,-0.750501,-0.754199,-0.72022,-0.741879,-0.747556,-0.797867,-0.851586,-0.910867,-0.128121,0.0255054,0.028066,-0.055202,-0.12556,0.0290732,-0.0122722,-0.0852212,-0.0463841,0.0245012,-0.206168,-0.0722157,-0.00460182,0.0,0.0,0.0,0.0,0.0,0.0,0.0,0.0,0.0,0.0,0.0,0.0,0.0,0.0,0.0,0.0,0.0,0.0,0.0,0.0,0.0,0.0,0.0,0.0,0.0,0.0,0.0,0.0,0.0,0.0,0.0,0.0,0.0,0.0,0.0,0.0,0.0,0.0,0.0,0.0,0.0,0.0,0.0499104,0.0,0.0,0.210645,0.0,0.22295,0.0984959,0.0360816,0.0,0.0,0.0,0.7138008905109396,87.73680684760498,97.91504859620858,0.5694980022557266,0.5754636871941454,0.1778367387389101,0.5473497692017106,0.4364247717823911,0.335810553022211,0.7884880826469736,0.3702594198960144,0.7829507618753743,0.6939920489549958,0.6240531930126011,0.6116041137998055,0.8,0.3687889745269212,0.5966716834797279,0.5424167082467987,0.4103666148805606,0.5370136175178916,0.565233219381182,0.7,0.4458669192918738,0.6440579406291664,0.1947887167540634,0.6916753056978489,0.2086590154511946,0.694676902998373,0.09861172663154771,0.5185399519752392
7,0.2839598760455543,-0.317098,-0.249698,-0.247291,-0.308101,-0.225972,-0.191521,-0.307692,-0.223023,-0.241312,-0.26057,-0.262139,-0.161308,-0.207469,-0.187445,-0.0031975,-0.199122,-0.421395,-0.717633,-0.865617,-0.956442,-0.074173,-0.0866581,-0.10621,-0.249571,-0.472058,-0.364829,-0.572228,-0.485539,-0.482768,-0.478346,-0.585746,-0.549009,-0.568575,-0.562911,-0.416335,-0.517488,-0.644923,-0.790941,-0.855411,-0.913908,-0.0342621,-0.0366686,0.0241412,-0.0579874,-0.0924386,0.023732,-0.060937,-0.0426477,-0.0233897,-0.021821,-0.122652,-0.0764912,-0.0965152,0.0,0.0,0.0,0.0,0.0,0.0,0.0,0.0,0.0,0.0,0.0,0.0,0.0,0.0,0.0,0.0,0.0,0.0,0.0,0.0,0.0,0.0,0.0,0.0,0.0,0.0,0.0,0.0,0.0,0.0,0.0,0.0,0.0,0.0,0.0,0.0,0.0,0.0,0.0,0.0,0.0,0.0510108,0.112611,0.0,0.0,0.344079,0.0,0.0,0.0,0.0930201,0.0,0.0,0.0,0.7160401239544457,89.01243035297057,65.0456560719521,0.4886881823612265,0.5245024261485625,0.1668502692085604,0.3893371437418505,0.3441128469401331,0.3460451174082226,0.7363526460250129,0.3764826957347752,0.7880001906551695,0.6876140846085685,0.5801013724834045,0.5107153770504024,0.8,0.40853485170466,0.580793870640257,0.6049628841554692,0.3931958514573395,0.4141168504598642,0.5601511460253755,0.6414688545555131,0.4089726715094849,0.6547196024810776,0.2659193100387591,0.6908102483688248,0.2268693342668439,0.6986639770700895,0.06652863197050807,0.4551098011440068
8,0.2677206110208445,-0.266475,-0.190532,-0.242623,-0.309829,-0.219545,-0.229626,-0.262803,-0.167499,-0.307506,-0.20495,-0.336388,-0.159572,-0.121838,-0.111128,-0.0515458,-0.248821,-0.459365,-0.737338,-0.87546,-0.957304,-0.22528,-0.142966,-0.154864,-0.337824,-0.549374,-0.410949,-0.433842,-0.503324,-0.502981,-0.520664,-0.666432,-0.669774,-0.658229,-0.64965,-0.592997,-0.65884,-0.741237,-0.830296,-0.874673,-0.92058,-0.0771881,-0.0250974,0.0421079,-0.0481755,-0.0380945,-0.00491743,-0.100222,0.0397859,-0.0627702,0.0686677,-0.108148,-0.145883,-0.156593,0.0,0.0,0.0,0.0,0.0,0.0,0.0,0.0,0.0,0.0,0.0,0.0,0.0,0.0,0.0,0.0,0.0,0.0,0.0,0.0,0.0,0.0,0.0,0.0,0.0,0.0,0.0,0.0,0.0,0.0,0.0,0.0,0.0,0.0,0.0,0.0,0.0,0.0,0.0,0.0,0.0,0.0,0.220477,0.0,0.0,0.561921,0.0,0.0,0.0,0.0,0.0,0.0,0.0,0.7322793889791555,94.06702450506445,74.88938497952844,0.5406637751110075,0.5598138774510302,0.1568194082688116,0.3515283566538635,0.3398732558177832,0.3095245762425554,0.8,0.3676108883256964,0.7778905938746651,0.7,0.6004089591468398,0.4851659719649371,0.5960086052890254,0.422616056519604,0.5619969587831115,0.6464838332027903,0.4521585565641834,0.3779168377475366,0.5210588046053012,0.6877558575798073,0.5057748814983715,0.6643543777552676,0.2523264305008828,0.6884442772791126,0.1617360482387375,0.698674769141387,0.04638442604580312,0.51758134098003
9,0.2886567307879579,-0.336012,-0.210396,-0.266914,-0.307302,-0.227874,-0.141296,-0.205915,-0.197546,-0.303298,-0.25241,-0.281862,-0.137446,-0.0735699,-0.248062,-0.113677,-0.305579,-0.50456,-0.763023,-0.890226,-0.963629,-0.240318,-0.173006,-0.274871,-0.289581,-0.564877,-0.405998,-0.458369,-0.488312,-0.504458,-0.524065,-0.695397,-0.736901,-0.761292,-0.765734,-0.777951,-0.780965,-0.781982,-0.818685,-0.863243,-0.913952,-0.0782612,-0.0217427,0.0186456,-0.0607825,-0.147361,-0.0827417,-0.0911106,0.0146417,-0.0362464,-0.00679503,-0.151211,-0.215087,-0.0405943,0.0,0.0,0.0,0.0,0.0,0.0,0.0,0.0,0.0,0.0,0.0,0.0,0.0,0.0,0.0,0.0,0.0,0.0,0.0,0.0,0.0,0.0,0.0,0.0,0.0,0.0,0.0,0.0,0.0,0.0,0.0,0.0,0.0,0.0,0.0,0.0,0.0,0.0,0.0,0.0,0.0,0.0,0.418195,0.0,0.0,0.516783,0.0,0.0795717,0.0,0.159577,0.0,0.0,0.0,0.711343269212042,92.42628312205285,87.68988199908473,0.5552713037981348,0.5149317771370309,0.1920415090794116,0.4348706801233252,0.380526403178065,0.3002843140863917,0.8,0.340887982812918,0.7881843372014293,0.7,0.6254661038059768,0.6557801591062694,0.4589697249920033,0.4280218387247325,0.5558184556626419,0.6082145682976662,0.4525014845411933,0.377409773090188,0.5378426464013099,0.6460663704852418,0.4195647904491936,0.6535252453334407,0.2253424785293518,0.6827821465763984,0.1266676156377765,0.6938529385612613,0.09817667637697108,0.6190076452843428
10,0.2523256188880412,-0.327509,-0.1891,-0.260803,-0.243673,-0.215781,-0.16133,-0.233137,-0.195662,-0.254913,-0.229858,-0.259486,-0.0736287,-0.126424,-0.32632,-0.11831,-0.295497,-0.493253,-0.754939,-0.88508,-0.961687,-0.209871,-0.129462,-0.229417,-0.230184,-0.542398,-0.404458,-0.454068,-0.495421,-0.527416,-0.546177,-0.693888,-0.727879,-0.748149,-0.750543,-0.739323,-0.749002,-0.753428,-0.802571,-0.85478,-0.909586,-0.0632254,0.00847718,-0.00865266,-0.0365451,-0.0909958,-0.0191881,-0.0566636,0.00258781,-0.0224674,0.00716037,-0.178697,-0.125901,0.0739939,0.0,0.0,0.0,0.0,0.0,0.0,0.0,0.0,0.0,0.0,0.0,0.0,0.0,0.0,0.0,0.0,0.0,0.0,0.0,0.0,0.0,0.0,0.0,0.0,0.0,0.0,0.0,0.0,0.0,0.0,0.0,0.0,0.0,0.0,0.0,0.0,0.0,0.0,0.0,0.0,0.0,0.0,0.593296,0.0,0.0,0.0,0.0,0.138138,0.0,0.127995,0.0,0.0,0.0,0.7476743811119588,90.9671373365341,84.96600765194694,0.5410931319747581,0.5360906929622841,0.2219327983748714,0.5730352197499444,0.3802001290148789,0.3366105020969997,0.623150251375526,0.3497578072975808,0.7880700295155385,0.6991307509327118,0.6058935505198906,0.6165379655621783,0.5181834045244788,0.4415064703818709,0.5327201282702756,0.5942336703007307,0.4141585252936901,0.4493029848637813,0.5091512585734927,0.6613125911634751,0.3864320299517154,0.653283626815172,0.1864917147261499,0.686740123540456,0.1529694588883168,0.6902028047659966,0.1501542895107678,0.6546323440759185
11,0.2028065323829978,-0.375168,-0.114872,-0.223561,-0.173747,-0.207219,-0.219588,-0.24592,-0.179603,-0.191032,-0.218018,-0.179488,-0.0705158,-0.147452,-0.30085,-0.123974,-0.296563,-0.493219,-0.75442,-0.884724,-0.962041,-0.104811,0.0210563,-0.151562,-0.347838,-0.54061,-0.350843,-0.428915,-0.543221,-0.544582,-0.545678,-0.69637,-0.72511,-0.743838,-0.749064,-0.708577,-0.723448,-0.732174,-0.790967,-0.848472,-0.906577,-0.0879346,0.0207549,-0.0290591,0.004412,0.0167812,0.0431133,-0.0232032,-0.011774,0.0152118,-0.0233186,-0.132291,-0.0553547,0.0980433,0.0,0.0,0.0,0.0,0.0,0.0,0.0,0.0,0.0,0.0,0.0,0.0,0.0,0.0,0.0,0.0,0.0,0.0,0.0,0.0,0.0,0.0,0.0,0.0,0.0,0.0,0.0,0.0,0.0,0.0,0.0,0.0,0.0,0.0,0.0,0.0,0.0,0.0,0.0,0.0,0.0,0.0169544,0.512039,0.0,0.0,0.0,0.0,0.14849,0.0,0.153612,0.0,0.0,0.147988,0.7971934676170022,89.57727440196521,85.26936963056991,0.7373082208664536,0.5320060073132968,0.1496152013149569,0.4453665927733438,0.3343037554677804,0.3394477963081362,0.4442180042660243,0.3534834370895221,0.7805992069575483,0.6972243535399444,0.6197512518752645,0.5405463938788003,0.6261555322037511,0.5214038634079625,0.501035403120189,0.5972046035522734,0.343510962796798,0.4537516581158559,0.4687677279551429,0.6433970807835492,0.3060612700285776,0.6557722236262713,0.1834268481960597,0.6880540079810297,0.1635197913350316,0.6887173252984083,0.1456552473036627,0.6953233296751589
12,0.1998300149523798,-0.330739,-0.173267,-0.21356,-0.138562,-0.210516,-0.200884,-0.25611,-0.163736,-0.215542,-0.210967,-0.199253,-0.0193635,-0.122943,-0.183228,-0.119226,-0.31528,-0.514877,-0.770853,-0.89585,-0.967642,-0.168779,-0.120531,-0.195609,-0.368352,-0.514739,-0.351908,-0.446096,-0.523592,-0.548601,-0.560519,-0.712702,-0.758507,-0.767457,-0.777286,-0.751337,-0.75539,-0.75923,-0.804905,-0.854975,-0.910839,-0.0265632,0.0137302,-0.0612681,0.0106859,0.001054,0.0562796,-0.0360939,0.0157118,0.011137,-0.000576885,-0.180467,-0.0768867,-0.0166023,0.0,0.0,0.0,0.0,0.0,0.0,0.0,0.0,0.0,0.0,0.0,0.0,0.0,0.0,0.0,0.0,0.0,0.0,0.0,0.0,0.0,0.0421125,0.0,0.0,0.0,0.0,0.0,0.0,0.0,0.0,0.0,0.0,0.0,0.0,0.0,0.0,0.0,0.0,0.0,0.0,0.0,0.0584642,0.304102,0.00882401,0.0335625,0.0862267,0.0,0.103119,0.0304236,0.0622187,0.0,0.0,0.540161,0.8001699850476202,90.09755207599304,92.64486643714922,0.564392340038493,0.5310817416997508,0.1842239579711916,0.4447212253951089,0.3310467425710762,0.3343708837193893,0.3921978208671588,0.3481039595384935,0.7854132700285301,0.6970486259553836,0.6396136659642984,0.5865780782047091,0.5897350557658806,0.4606855174230016,0.5077446263406973,0.6143036727743788,0.3691033598029528,0.4568525058445423,0.4806301753017763,0.6615747835712267,0.3239991250911158,0.6525983942277593,0.1586054735590312,0.688421408346042,0.1485014583136609,0.6868351376499462,0.08258280602259671,0.7
13,0.2021374252502952,-0.306773,-0.191337,-0.20087,-0.0759185,-0.208389,-0.169856,-0.213422,-0.164067,-0.200391,-0.20221,-0.139371,-0.0293931,-0.12402,-0.162319,-0.117043,-0.310345,-0.509489,-0.766608,-0.892709,-0.96527,-0.192579,-0.16472,-0.159945,-0.334442,-0.476781,-0.365062,-0.480984,-0.544656,-0.555075,-0.56536,-0.721007,-0.756865,-0.764022,-0.775946,-0.770787,-0.769451,-0.771938,-0.812848,-0.85967,-0.91252,-0.0108009,-0.00126758,-0.126219,0.00625128,-0.0322812,0.0112844,-0.0380707,-0.00174641,7.29137e-05,-0.0627667,-0.172744,-0.0781176,-0.0398184,0.0,0.0,0.0,0.0,0.0,0.0,0.0,0.0,0.0,0.0,0.0,0.0,0.0,0.0,0.0,0.0,0.0,0.0,0.0,0.0,0.0,0.0,0.0,0.0,0.0,0.0,0.0,0.0,0.0,0.0,0.0,0.0,0.0,0.0,0.0,0.0,0.0,0.0,0.0,0.0,0.0,0.113385,0.0,0.0301958,0.0377785,0.311345,0.0,0.153573,0.0749717,0.0607798,0.0,0.0,0.407343,0.7978625747497048,91.56180414058514,89.77852290673052,0.5265467030391199,0.523281423767701,0.1943041483075654,0.4237051813636494,0.3227045056984436,0.3312834459770625,0.3332756361372296,0.3558197091457022,0.8,0.6993430892619981,0.6295036631393693,0.6154511683001835,0.530344796750597,0.5094063236306406,0.5065472751744575,0.6211437763161621,0.3455476485288979,0.4448275259106109,0.460083486960626,0.6550717550034363,0.271378246662073,0.6514525966789277,0.1663626351518986,0.6975163870707225,0.1474628519376568,0.685119339169286,0.07326163062332258,0.7
14,0.175508780481398,-0.341372,-0.237819,-0.157881,-0.0151748,-0.212437,-0.170986,-0.116156,-0.162583,-0.207013,-0.163226,-0.129482,-0.190646,-0.146115,-0.17378,-0.106056,-0.283764,-0.483163,-0.748281,-0.880937,-0.960211,-0.134443,-0.136276,-0.0665694,-0.358273,-0.499283,-0.342369,-0.490143,-0.531462,-0.543375,-0.56247,-0.680707,-0.705058,-0.71676,-0.717948,-0.696352,-0.71421,-0.727107,-0.790498,-0.849243,-0.907051,0.0623107,-0.0176279,-0.160334,0.0369281,-0.00452291,-0.0593525,-0.0129261,0.031504,-0.0122828,-0.0460271,0.0151377,-0.0293938,-0.00172836,0.0,0.0,0.0,0.0,0.0,0.0,0.0,0.0,0.0,0.0,0.0,0.0,0.0,0.0,0.0,0.0,0.0,0.0,0.0,0.0,0.0,0.0,0.0,0.0,0.0,0.0,0.0,0.0,0.0,0.0,0.0,0.0,0.0,0.0,0.0,0.0,0.0,0.0,0.0,0.0,0.0,0.108315,0.0,0.0552009,0.0,0.40162,0.0,0.142357,0.0752634,0.0,0.0,0.0,0.153208,0.824491219518602,89.86148084663715,82.51671045460316,0.5276557717449212,0.5141448374038815,0.2047629884358032,0.4245530913496157,0.2805185854660392,0.3340181308827246,0.2899100851421304,0.364386013633942,0.7966691242968065,0.6987658196118911,0.6235400415658168,0.6297894572912488,0.4451688059297642,0.5769522425039655,0.5025217239351001,0.635137843437953,0.3589673925677737,0.4688662830310397,0.4144089359819236,0.6597733462813505,0.2592852377122217,0.6457230571777541,0.2711791505895224,0.6942278470212854,0.1648154345666357,0.6951744038625101,0.0787778270424927,0.7
15,0.1504580396719525,-0.259411,-0.0405794,-0.143873,-0.0469114,-0.219942,-0.171234,-0.136762,-0.085995,-0.135182,-0.180567,-0.132179,-0.160979,-0.174557,-0.112667,-0.0816244,-0.318581,-0.531397,-0.790767,-0.9119,-0.976612,-0.251549,-0.148535,-0.177227,-0.24745,-0.457046,-0.331089,-0.476014,-0.516849,-0.538746,-0.545041,-0.616778,-0.640746,-0.664381,-0.650022,-0.597329,-0.677709,-0.754621,-0.866508,-0.887948,-0.91974,-0.109879,-0.00658479,-0.103547,0.0694843,0.0207758,-0.0136964,-0.0644631,-0.0152757,0.0301088,-0.0182789,0.0105212,0.0240991,-0.0377909,0.0,0.0,0.0,0.0,0.0,0.0,0.0,0.0,0.0,0.0,0.0,0.0,0.0,0.0,0.0,0.0,0.0,0.0,0.0,0.0,0.0,0.0,0.0,0.0,0.0,0.0,0.0,0.0,0.0,0.0,0.0,0.0,0.0,0.0,0.0,0.0,0.0,0.0,0.0,0.0,0.124621,0.0502992,0.0,0.141963,0.0,0.0,0.0,0.261222,0.0415666,0.0,0.0302753,0.0,0.146443,0.8495419603280475,93.14141965587918,106.7135939581402,0.5399804475673846,0.5079443839719574,0.1560490297139776,0.4031794031164433,0.2824886487843632,0.3369022486785023,0.2991971465421838,0.3482063507930276,0.7962674945552429,0.6984780969232808,0.6347528448313541,0.6448792431210482,0.4614239472064039,0.5665823985180083,0.4709172711593504,0.6802690137299813,0.3043459244786245,0.4962487420777771,0.4243430998283365,0.6566454044391168,0.2772101034744426,0.6594156980226835,0.2541586978015445,0.6951031837229499,0.1852738138436618,0.6870237490432716,0.06772928501824127,0.7
16,0.1674759870581481,-0.294893,-0.0201041,-0.169931,-0.0809731,-0.204981,-0.161813,-0.177581,-0.0623572,-0.146403,-0.167296,-0.0605603,-0.0834673,-0.107821,-0.0510894,-0.00255291,-0.262612,-0.494375,-0.776023,-0.906879,-0.971483,-0.158353,-0.144496,-0.185734,-0.253096,-0.352775,-0.360105,-0.470262,-0.46009,-0.504537,-0.50681,-0.503876,-0.507381,-0.521008,-0.479123,-0.4348,-0.572646,-0.703455,-0.851477,-0.884073,-0.928352,-0.147372,0.00245489,-0.0865029,0.0375054,-0.00566308,0.0101051,-0.105119,-0.0210729,-0.000179592,-0.106916,-0.0840087,-0.0596549,-0.116387,0.0,0.0,0.0,0.0,0.0,0.0,0.0,0.0,0.0,0.0,0.0,0.0,0.0,0.0,0.0,0.0,0.0,0.0,0.0,0.0,0.0,0.0,0.0,0.0,0.0,0.0,0.0,0.0,0.0,0.0,0.0,0.0,0.0,0.0,0.0,0.0,0.0,0.0,0.0,0.0,0.0,0.0355312,0.0,0.468468,0.0415517,0.0,0.0,0.145951,0.102952,0.0,0.0723602,0.0481981,0.0018251,0.8325240129418519,90.48559525764861,120.0843678932411,0.5616735622090265,0.5116279275075352,0.1428100326122807,0.3851358939159567,0.3022685075178967,0.3427041889021197,0.3364374958325099,0.3405332031664666,0.799138632431375,0.6979150493592131,0.6319571726094045,0.6212783176794754,0.4663981723399108,0.4869392473993517,0.4812259306256341,0.6827929754606069,0.312937812323838,0.4681327452229885,0.4284894227652193,0.6511494795190003,0.2456814593561625,0.650748847722987,0.2253808002201725,0.695567285351684,0.1671136339509205,0.6836040085161997,0.06627016558093979,0.6989821086346711
17,0.1790861097738692,-0.330144,-0.0109179,-0.169113,-0.0940643,-0.19348,-0.153267,-0.168363,-0.0647745,-0.169169,-0.152659,-0.0425262,-0.0766646,-0.0977718,-0.0495361,0.01768,-0.24148,-0.477413,-0.766293,-0.901502,-0.968757,-0.0821273,-0.0878953,-0.180953,-0.169612,-0.297603,-0.351149,-0.472918,-0.46303,-0.510335,-0.501326,-0.482616,-0.49008,-0.501215,-0.46014,-0.402242,-0.543657,-0.681175,-0.823802,-0.869257,-0.921317,-0.168168,-0.00997336,-0.0850218,0.0143942,-0.0258192,-0.0107235,-0.114312,-0.00991742,-0.0264275,-0.13656,-0.102422,-0.0813144,-0.12955,0.0,0.0,0.0,0.0,0.0,0.0,0.0,0.0,0.0,0.0,0.0,0.0,0.0,0.0,0.0,0.0,0.0,0.0,0.0,0.0,0.0,0.0,0.0,0.0,0.0,0.0,0.0,0.0,0.0,0.0,0.0,0.0,0.0,0.0,0.0,0.0,0.0,0.0,0.0,0.0,0.0,0.040441,0.0,0.820942,0.0188994,0.0202102,0.0,0.065445,0.10222,0.0,0.0,0.0,0.0,0.8209138902261308,87.73126342946246,123.7778624804463,0.5592774791689331,0.5129156033401197,0.1312588223145125,0.3783428989678281,0.3017685461682476,0.3465277169410101,0.3475387649638376,0.3,0.7999319595429777,0.6980523176447886,0.6263182077978158,0.6280884804439278,0.4653385007430106,0.5050147249768883,0.4733849057237122,0.676187286476782,0.3289407091213727,0.459800770704744,0.4171894363103545,0.6491773436022031,0.2391420424524509,0.6519777545268266,0.2267955734581307,0.6970729331410649,0.1626966743047432,0.6733508198651534,0.06986078917857552,0.6995705246852383
18,0.1942745099544368,-0.310607,-0.199998,-0.182922,-0.116372,-0.188805,-0.152273,-0.165205,-0.15865,-0.0340584,-0.0871125,-0.0393407,-0.110302,-0.204337,-0.136015,-0.0244564,-0.198675,-0.418733,-0.715587,-0.864303,-0.956418,-0.0180676,-0.0111519,0.017496,-0.200198,-0.432014,-0.363049,-0.447704,-0.482845,-0.425524,-0.429285,-0.467428,-0.499677,-0.548595,-0.494944,-0.413277,-0.503945,-0.633915,-0.778851,-0.84644,-0.911618,0.00572394,-0.0113525,-0.0779023,-0.00546981,-0.0420013,-0.0290698,-0.0356242,-0.160216,-0.107162,-0.154934,-0.0839726,0.0100625,-0.05826,0.0,0.0,0.0,0.0,0.0,0.0,0.0,0.0,0.0,0.0,0.0,0.0,0.0,0.0,0.0353601,0.0,0.0,0.0,0.0,0.0,0.0,0.0,0.0,0.0,0.0,0.0,0.0,0.0,0.0,0.0,0.0,0.0,0.0,0.0,0.0,0.0,0.0,0.0,0.0,0.0,0.0,0.0203846,0.0,0.956218,0.0,0.0,0.0,0.040074,0.0177262,0.0,0.0,0.0,0.0,0.8057254900455632,87.43009371318,64.2830067811026,0.5363490020884799,0.5633048946352155,0.1605794925807019,0.3952497636757528,0.2943228189119052,0.3381044806901664,0.3844678461324852,0.3346639332866235,0.8,0.7,0.604768109299278,0.6093973830606195,0.4572384627196358,0.5016947969455803,0.5519159159773654,0.6629068697720896,0.2348629368867818,0.4460846409105748,0.3785597056918127,0.6793626895669778,0.2374696336604524,0.6804999038867156,0.2341805984640824,0.6969684256411921,0.2177292858102096,0.6840608516277176,0.08043064603215638,0.7
19,0.1849454968869284,-0.337432,-0.177397,-0.179338,-0.0996146,-0.179996,-0.162574,-0.169656,-0.132436,-0.140364,-0.126299,-0.0581654,-0.148709,-0.112536,-0.125803,-0.0217879,-0.197977,-0.418346,-0.715299,-0.864113,-0.95642,-0.0374178,0.042883,0.0213237,-0.179662,-0.406364,-0.341521,-0.442671,-0.470203,-0.461562,-0.454061,-0.477064,-0.519494,-0.496243,-0.483844,-0.408612,-0.501452,-0.632289,-0.776386,-0.844729,-0.911338,-0.00754805,-0.00560782,-0.0853309,-0.00494978,-0.0223715,-0.0152893,-0.0525092,-0.0445814,-0.0586464,-0.12678,-0.0362369,-0.0724093,-0.059142,0.0,0.0,0.0,0.0,0.0,0.0,0.0,0.0,0.0,0.0,0.0,0.0,0.0,0.0,0.0,0.0,0.0,0.0,0.0,0.0,0.0,0.0,0.034992,0.0,0.0,0.0,0.0,0.0,0.0,0.0,0.0,0.0,0.0,0.0,0.0,0.0,0.0,0.0,0.0,0.0,0.0114479,0.0,0.0,0.902731,0.0,0.0,0.0,0.0,0.0,0.0,0.0,0.0201249,0.0,0.8150545031130716,87.20247044780012,64.13561934926554,0.5439686709588354,0.5180769851348522,0.1514717569948648,0.4036414092286308,0.2904730650806738,0.337857950915975,0.3661076539049667,0.3,0.7999853645417623,0.6997726407379279,0.6281474415969293,0.6119271390717792,0.4624301058083666,0.5009443325741713,0.5139675214674975,0.6580959709087344,0.2968427028602489,0.440881113599232,0.399624901104802,0.6641692068804798,0.2443105473120207,0.6714324197087194,0.2574921233924994,0.6956717844925822,0.164379497152742,0.6865315802271065,0.07929698570415905,0.7
20,0.1914070378391368,-0.309532,-0.152269,-0.247516,-0.19782,-0.062136,-0.188255,-0.163424,-0.0943128,-0.151686,-0.103955,-0.0947808,-0.0950355,-0.141664,-0.1519,-0.0889065,-0.262054,-0.464453,-0.736861,-0.874207,-0.957936,-0.0461285,-0.0148333,-0.0535783,-0.286142,-0.3106,-0.41218,-0.479021,-0.533842,-0.526172,-0.526724,-0.614533,-0.629247,-0.645518,-0.634221,-0.598634,-0.65257,-0.701627,-0.779816,-0.845421,-0.905967,-0.039138,0.0561093,0.00641249,-0.129271,-0.00315203,-0.0279833,-0.0970943,-0.0397207,-0.0874525,-0.0966262,-0.0963716,-0.049743,-0.039507,0.0,0.0,0.0,0.0,0.0,0.0,0.0,0.0,0.0,0.0,0.0,0.0,0.0,0.0,0.0,0.0,0.0,0.0,0.0,0.0,0.0,0.0857659,0.120287,0.0,0.0,0.0,0.0,0.0,0.0,0.0,0.0,0.0,0.0,0.0,0.0,0.0,0.0,0.0,0.0,0.0,0.0,0.0,0.0,0.855702,0.0,0.0,0.0,0.0,0.0,0.0,0.0,0.0,0.0,0.8085929621608632,88.65703852070963,77.65538678204534,0.5413093298353262,0.5824293080426289,0.1479329758743012,0.3823260287311462,0.3714500867318682,0.314343764413094,0.4738521494190602,0.3129500574527018,0.6446727017875854,0.6996392186329503,0.6347439906063368,0.6062569840532906,0.4732014162256223,0.5375093311187729,0.451842042022964,0.655781813113652,0.2939430224523395,0.4313674370724287,0.3471532877991477,0.6437316041553245,0.2616396970316263,0.6847280875389954,0.2059435887343002,0.6979051329095198,0.164257916389673,0.6878907155013979,0.07296122618595247,0.6996661138417597
21,0.1177975063943595,-0.310806,-0.194242,-0.0740851,-0.158531,-0.152655,-0.147902,-0.162409,-0.126735,-0.12437,-0.157023,-0.0839753,-0.147492,-0.151349,-0.155294,-0.0589748,-0.227536,-0.437657,-0.723,-0.867046,-0.956329,-0.00714623,0.0154784,-0.12737,-0.261805,-0.478145,-0.332476,-0.45069,-0.486095,-0.486769,-0.486798,-0.530282,-0.558746,-0.558781,-0.541697,-0.47398,-0.549123,-0.661204,-0.773936,-0.842435,-0.907837,0.0764445,-0.0437124,0.0407336,0.0348574,0.0301048,0.0446116,0.00893718,0.00657284,0.0392256,-0.0338222,0.0296948,0.033552,0.0374965,0.0,0.0,0.0,0.0,0.0,0.0,0.0,0.0,0.0,0.0,0.0,0.0,0.0,0.0,0.0,0.0,0.0,0.0,0.0,0.0,0.0,0.0264326,0.0,0.0,0.0,0.0,0.0,0.0,0.0,0.0,0.0,0.0,0.0,0.0,0.0,0.0,0.0,0.0,0.0,0.0,0.0,0.112219,0.012825,0.0,0.0,0.0,0.0,0.0,0.0,0.0,0.0,0.0,0.0,0.8822024936056405,87.43770126375888,70.25687325936015,0.5334021321027002,0.551419972009455,0.1577679587136295,0.3837549492575606,0.2216897992080204,0.3312139951194629,0.4249275462144474,0.3467986080214295,0.6728430505875098,0.6997467627209951,0.5667394936425203,0.6198773599261522,0.4690332506105014,0.5366813799554101,0.4872458466259611,0.6541269679258094,0.2921432821491435,0.4689630125063711,0.3928740242225692,0.6367582611624182,0.2557915646855241,0.6745698646222585,0.2490240651281956,0.69712577705479,0.1788052108617469,0.6920272244420596,0.08087409254940947,0.6999539190111991
22,0.1271149343991811,-0.29249,-0.167765,-0.1063,-0.119659,-0.11669,-0.161893,-0.136015,-0.139519,-0.128491,-0.123104,-0.0596097,-0.111217,-0.131296,-0.121124,-0.0104204,-0.194096,-0.418773,-0.718336,-0.866873,-0.956922,-0.110485,-0.0152048,0.0168336,-0.217953,-0.262066,-0.308078,-0.463942,-0.494943,-0.488034,-0.48715,-0.500571,-0.519549,-0.526298,-0.504677,-0.425813,-0.519007,-0.647474,-0.806657,-0.864534,-0.918467,0.0406502,-0.0208147,-0.00745605,-0.0104251,0.0347781,0.00889983,0.0124036,0.00137647,-0.0040105,-0.0675053,-0.0158977,0.0041809,-0.00599083,0.0,0.0,0.0,0.0,0.0,0.0,0.0,0.0,0.0,0.0,0.0,0.0,0.0,0.0,0.0,0.0,0.0,0.0,0.0,0.0,0.0,0.0573895,0.0,0.0,0.0,0.0,0.0,0.0,0.0,0.0,0.0,0.0,0.0,0.0,0.0,0.0,0.0,0.0,0.0,0.0,0.152889,0.0,0.0942921,0.161223,0.0602096,0.0892233,0.0178744,0.0131457,0.0784512,0.0,0.0593897,0.067104,0.074993,0.8728850656008189,90.71022015671998,63.74752558796342,0.5317759822856887,0.5355353624015629,0.153952656325239,0.3832939099113278,0.2443230632722534,0.3324990260050297,0.3724698521662555,0.3357471952729578,0.6586253008287862,0.6998239962414293,0.5919279714295997,0.6188281227020886,0.4432099701504798,0.5359642988545693,0.5099727939465458,0.6510630322828902,0.3000439953521126,0.4663905216807892,0.3792579232748651,0.6485324479748145,0.2431040021653891,0.6620985115422946,0.2375218035703721,0.6972038376695476,0.1800951858148472,0.6922492278166321,0.08043918643839415,0.6999236529774865
23,0.1484156857306205,-0.30304,-0.122907,-0.0938433,-0.10357,-0.0649993,-0.129027,-0.119946,-0.141374,-0.144646,-0.0958503,-0.125805,-0.0702452,-0.13318,-0.11145,-0.0141483,-0.196872,-0.419979,-0.718124,-0.866379,-0.956681,-0.097111,0.054075,-0.0265906,-0.242866,-0.269233,-0.419627,-0.457724,-0.491009,-0.503465,-0.491129,-0.53733,-0.498117,-0.5269,-0.498739,-0.427625,-0.519959,-0.647225,-0.799809,-0.86057,-0.916458,-0.0255087,-0.0545724,-0.0448455,-0.0834164,-0.0193886,-0.0284692,-0.00704132,-0.00377018,-0.0525654,-0.0226107,-0.0781705,-0.0152362,-0.036966,0.0,0.0,0.0,0.0,0.0,0.0,0.0,0.0,0.0,0.0,0.0,0.0,0.0,0.0,0.0,0.0,0.0,0.0,0.0,0.0,0.0,0.0,0.0336671,0.0,0.0,0.0,0.0,0.0,0.0,0.0,0.0,0.0,0.0,0.0,0.0,0.0,0.0,0.0,0.0,0.0,0.31549,0.0,0.0644679,0.0647866,0.199322,0.124823,0.0426815,0.0158986,0.0624092,0.0,0.0,0.0838276,0.0510297,0.8515843142693795,90.05711235958285,64.48215591804615,0.5422800369362826,0.5368971157741868,0.1418837894056776,0.4091461441756288,0.2377422087721891,0.3495712377318292,0.3485173546093876,0.3452158163245654,0.6485780503042198,0.6994870369551632,0.5600352679605456,0.6257267708024585,0.4189634265174677,0.5332374454941426,0.5201413474974435,0.6581528914543302,0.3059065886038472,0.4550929056727215,0.3373927676297653,0.6253464838124815,0.2488310333150373,0.6007347571295978,0.2163066844943314,0.6977168650610817,0.1792571586828783,0.6895480649606452,0.07552078320836042,0.6998117821691026
24,0.1192527764685981,-0.210926,-0.0825559,-0.0337291,-0.10977,-0.0701972,-0.140986,-0.0264156,-0.139316,-0.032487,-0.0865645,-0.0526855,-0.0360433,-0.158028,-0.114781,-0.0315522,-0.218055,-0.437868,-0.729005,-0.872518,-0.957394,-0.219809,-0.039524,-0.0117436,-0.284187,-0.299135,-0.460635,-0.479169,-0.526049,-0.512056,-0.526441,-0.567702,-0.538083,-0.592332,-0.558762,-0.495555,-0.576556,-0.687826,-0.839038,-0.886762,-0.928017,-0.0366969,-0.0855237,-0.00948256,-0.0490555,0.0217328,-0.0928372,0.0200635,-0.0867658,-0.0326883,-0.0665673,-0.0832095,0.0387752,-0.00447164,0.0,0.0,0.0,0.0,0.0,0.0,0.0,0.0,0.0,0.0,0.0,0.0,0.0,0.0,0.0,0.0,0.0,0.0,0.0,0.0,0.0,0.10815,0.0,0.0,0.0,0.0,0.0,0.0,0.0,0.0,0.0,0.0,0.0,0.0,0.0,0.0,0.0,0.0,0.0,0.0,0.172211,0.0,0.0,0.0,0.0442134,0.0242403,0.0145162,0.00835825,0.0,0.0,0.0,0.0397143,0.0,0.8807472235314019,95.03491596000362,67.8904513692461,0.5268138078248294,0.6004033255949788,0.1444335423260686,0.4232960116663262,0.2028166541085979,0.3076856699159717,0.3511511248859934,0.3587677998556779,0.6353783419713442,0.6997302926909577,0.5753726145939627,0.6359930801352929,0.332347315374103,0.5349983061146677,0.5023051645820799,0.6578055432664286,0.234620758451176,0.4630474594460754,0.3247333732778444,0.6329087201066145,0.1907592846677132,0.5697096494687524,0.1926654947955024,0.6970698461799328,0.1886613774847349,0.6947333976567558,0.07231916102826091,0.6994649188079324
25,0.1103270428270906,-0.205798,-0.0951035,-0.0245766,-0.0957978,-0.0514316,-0.121868,-0.00817027,-0.125016,-0.0235093,-0.0391928,-0.0359656,-0.0101371,-0.140791,-0.0945933,-0.00201068,-0.193639,-0.421377,-0.721879,-0.869653,-0.957729,-0.14248,-0.000874718,0.0249013,-0.256397,-0.289665,-0.440431,-0.445372,-0.498422,-0.477842,-0.481972,-0.507761,-0.469348,-0.535519,-0.498689,-0.428876,-0.526273,-0.655035,-0.826879,-0.879982,-0.925836,-0.0152235,-0.0857505,-0.0145293,-0.0588955,0.0115405,-0.102157,0.0146887,-0.0868178,-0.0711343,-0.0743614,-0.10019,0.0304638,-0.0157338,0.0,0.0,0.0,0.0,0.0,0.0,0.0,0.0,0.0,0.0,0.0,0.0,0.0,0.0,0.0,0.0,0.0,0.0,0.0,0.0,0.0,0.0,0.0,0.0,0.0,0.0,0.0,0.0,0.0,0.0,0.0,0.0,0.0,0.0,0.0,0.0,0.0,0.0,0.0,0.0,0.0199251,0.0,0.0,0.0,0.131145,0.0,0.0546433,0.0,0.0,0.0,0.0,0.117265,0.0,0.8896729571729094,93.30692662449012,63.08838255377434,0.5260477832254961,0.6212638689639427,0.1451310834355478,0.4284631895635599,0.1994897090834577,0.3020092091072091,0.3443579459700061,0.3655458166507365,0.6191268119829667,0.7,0.5593585573786772,0.6394876759262706,0.3235857527747317,0.5334797165585348,0.4995360507156253,0.6628399410096134,0.2347024948595836,0.4640436047480225,0.2975958033370509,0.6303000199772874,0.1873501272965406,0.5642775543512685,0.1899540490948385,0.6981423171071963,0.1873219695039256,0.6935552590521713,0.07230078214686209,0.6994274681733917
26,0.07411198284429465,-0.227683,-0.100206,-0.0298886,-0.0839092,-0.0324365,-0.0907482,-0.0163603,-0.116409,-0.0285679,-0.0605205,-0.0160402,-0.0107269,-0.0716676,-0.0859917,0.0176384,-0.176227,-0.408605,-0.715347,-0.866475,-0.957785,-0.0392211,0.0595056,0.0170808,-0.222693,-0.270811,-0.419426,-0.42357,-0.474147,-0.453588,-0.462617,-0.464141,-0.43621,-0.467661,-0.465364,-0.392189,-0.498209,-0.636287,-0.809469,-0.8671,-0.920789,0.0260942,-0.0442234,0.00979726,-0.0416755,0.0166363,-0.0577517,0.0422975,-0.0455441,-0.0135915,-0.0580718,-0.0633851,-0.00244438,0.0118797,0.0,0.0,0.0,0.0,0.0,0.0,0.0,0.0,0.0,0.0,0.0,0.0,0.0,0.0,0.0,0.0,0.0,0.0,0.0,0.0,0.0,0.0,0.0498026,0.0,0.0,0.0,0.0,0.0,0.0,0.0,0.0,0.0,0.0,0.0,0.0,0.0,0.0,0.0,0.0,0.0,0.0,0.0,0.0,0.0,0.223469,0.0,0.113398,0.0,0.0,0.0,0.0,0.23912,0.0,0.9258880171557053,90.48671627494382,59.39044657827797,0.5173351420333789,0.6202038333984741,0.1419422989516421,0.4271287515885839,0.2032931548834579,0.3165057124964034,0.3350277648039155,0.3627173859734952,0.6018564752339901,0.6996769330367625,0.5319363882240258,0.6459500734357052,0.3312147031946807,0.5335699767486046,0.4989746235519473,0.6654569210821446,0.2414283404702264,0.4659538816075348,0.3126975954015422,0.6223869520969996,0.1834357722779023,0.5631788312134203,0.1969299390670148,0.6984140036450732,0.1579499292341091,0.6912422176515256,0.07523449741917759,0.6998689714596097
27,0.06240203003226896,-0.236472,-0.102654,-0.047509,-0.0797673,-0.0312329,-0.0590172,-0.022721,-0.0838944,-0.0282758,-0.0628133,-0.000349766,-0.0526672,-0.0466396,-0.0837059,0.0212806,-0.172752,-0.405789,-0.713647,-0.865524,-0.957753,-0.00687653,0.0669367,0.013646,-0.216254,-0.272516,-0.421462,-0.420674,-0.462232,-0.446759,-0.4575,-0.446755,-0.453353,-0.448395,-0.458379,-0.385506,-0.493083,-0.632758,-0.801721,-0.863008,-0.919184,0.0402523,-0.014893,0.0173653,-0.0311692,-0.00338481,-0.0396811,0.0214924,-0.0341263,0.000411316,-0.0620523,-0.00973479,-0.0157625,0.0213038,0.0,0.0,0.0,0.0,0.0,0.0,0.0,0.0,0.0,0.0,0.0,0.0,0.0,0.0,0.0352767,0.0,0.0,0.0,0.0,0.0,0.0,0.119011,0.118126,0.0,0.0,0.0,0.0,0.0,0.0,0.0,0.0,0.0,0.0,0.0,0.0,0.0,0.0,0.0,0.0,0.0,0.0521884,0.0,0.0195945,0.0,0.356559,0.0,0.282588,0.0,0.0,0.0,0.0,0.227167,0.0237594,0.937597969967731,89.52494737352795,58.52340526778406,0.5140917092057005,0.6236115595483575,0.1428826013492089,0.4312076920251158,0.2117822760781544,0.3249176688174362,0.3323237484770495,0.3676572494182324,0.5989248663896657,0.6995941201738584,0.4981395274622194,0.6490765814913381,0.3372678427507568,0.5389012871620037,0.4637814096127328,0.6673741202663337,0.2452199074487813,0.4797856331739159,0.3146380490845251,0.6244035361148829,0.1808698125051283,0.5722576945661949,0.2194272659089087,0.6990594405687367,0.1467463237263482,0.6897567969054322,0.07574161956037168,0.6995329211731771
28,0.0975446945139099,-0.207894,-0.0757485,-0.0502567,-0.135808,-0.048353,-0.0477898,-2.0475e-05,-0.0815509,-0.0113126,-0.0931985,-0.0823691,-0.085969,-0.0676977,-0.106004,-0.0162821,-0.205669,-0.429485,-0.725382,-0.871059,-0.957534,-0.187282,-0.0237867,0.00142997,-0.26124,-0.331677,-0.468769,-0.446403,-0.489324,-0.487445,-0.510319,-0.552782,-0.536829,-0.523685,-0.524738,-0.459337,-0.549276,-0.669975,-0.832313,-0.883898,-0.927156,-0.0217962,-0.047288,0.0382633,-0.0491917,-0.0497549,-0.0975242,-0.0159938,-0.0862321,-0.00434617,-0.0151756,-0.0115757,-0.029847,0.00845908,0.0,0.0,0.0,0.0,0.0,0.0,0.0,0.0,0.0,0.0,0.0,0.0,0.0,0.0,0.120399,0.0,0.0,0.0,0.0,0.0,0.0,0.386758,0.17271,0.0,0.0,0.0,0.0,0.0,0.0,0.0,0.0,0.0,0.0,0.0,0.0,0.0,0.0,0.0,0.0,0.0,0.213198,0.0,0.054325,0.0,0.302402,0.0,0.454527,0.0,0.000822632,0.0,0.0,0.15204,0.108975,0.9024553054860901,94.27706219496989,65.49752160485302,0.5405918498446571,0.6200154102514317,0.1412021626767639,0.419109567880094,0.212715449655644,0.3175871871439017,0.3814901677439578,0.3730837819387991,0.6039812153757211,0.6995800245044499,0.4850617862408405,0.6562718813729,0.3023543856201105,0.5158612239346245,0.455802824789477,0.6705124127172398,0.2332562646020984,0.4893395363476598,0.3250470789029973,0.6252082060037396,0.2083427610337828,0.5692839901011594,0.2244842610333594,0.6977789277123196,0.1461483941996722,0.6933147481287173,0.07456661802549963,0.6992235862496837
29,0.08009480336778063,-0.201933,-0.086503,-0.054244,-0.0843533,-0.0466185,-0.0499436,-0.0644471,-0.0563657,-0.0230534,-0.0956111,-0.0875904,-0.0875721,-0.0704796,-0.107639,-0.0209307,-0.208002,-0.429973,-0.724583,-0.870167,-0.95712,-0.135562,-0.0024434,-9.6149e-05,-0.28491,-0.303169,-0.445692,-0.475546,-0.505559,-0.492824,-0.511779,-0.557387,-0.540161,-0.529119,-0.528645,-0.465752,-0.552885,-0.671219,-0.829763,-0.877105,-0.92369,0.00640815,-0.0258508,0.00425852,-0.0334763,-0.0301512,-0.0156478,-0.0237291,-0.0570414,0.0155163,0.00749561,0.00747729,-0.00961522,0.0275443,0.0,0.0,0.0,0.0,0.0,0.0,0.0,0.0,0.0,0.0,0.0,0.0,0.0,0.0,0.0,0.0,0.0,0.0,0.0,0.0,0.0,0.196464,0.178653,0.0,0.0,0.0,0.0,0.0,0.0,0.0,0.0,0.0,0.0,0.0,0.0,0.0,0.0,0.0,0.0,0.0,0.0388277,0.0,0.207378,0.0,0.0,0.0,0.326577,0.0,0.0,0.0,0.0,0.0356595,0.176647,0.9199051966322194,93.3501163742676,66.42999647231176,0.5273108801047134,0.6225965554142193,0.1403940574481916,0.4050108979282825,0.2152051195183201,0.3136342107136313,0.3328261404034129,0.3692470946682,0.6050462892316955,0.6996515622292727,0.4751984717662902,0.6468987978418509,0.364885583301381,0.5456117259924645,0.4260617809701426,0.6681092073795287,0.2369655787453725,0.4838526084504451,0.3253604631281852,0.6212138225918602,0.2094972786636562,0.5648904881734199,0.2254338195474732,0.6977548199714981,0.1453702086033225,0.6896808125722446,0.07411301259470554,0.6988139031608027
30,0.07150569150767683,-0.188192,-0.0561869,-0.0527142,-0.0915212,-0.0518928,-0.0541364,-0.0387686,-0.0362487,-0.0161538,-0.0677268,-0.0955094,-0.0885789,-0.0637599,-0.0579422,-0.0062084,-0.201747,-0.427573,-0.724777,-0.870923,-0.957659,-0.166355,0.00689889,0.0275625,-0.274047,-0.300384,-0.4538,-0.463049,-0.494922,-0.485814,-0.501545,-0.552871,-0.532251,-0.515435,-0.490958,-0.445815,-0.54237,-0.666058,-0.831079,-0.884315,-0.927519,-0.0153188,-0.0187914,0.0200155,-0.0196129,-0.0173693,-0.032737,-0.035257,-0.0553519,-0.00377889,0.0240037,0.0170732,-0.00774578,-0.0135635,0.0,0.0,0.0,0.0,0.0,0.0,0.0,0.0,0.0,0.0,0.0,0.0,0.0,0.0,0.0,0.0,0.0,0.0,0.0,0.0,0.0,0.185634,0.178246,0.0,0.0,0.0,0.0,0.0,0.0,0.0,0.0,0.0,0.0,0.0,0.0,0.0,0.0,0.0,0.0,0.0,0.0644604,0.0,0.241446,0.0,0.0,0.0,0.190972,0.0,0.0310325,0.0149912,0.0149546,0.016429,0.292415,0.9284943084923232,94.24710242124976,64.7788353445388,0.5327779753730906,0.6241094801033925,0.1313553938915702,0.3976004970959079,0.2142518597004213,0.3117441547620804,0.3378693691129604,0.365977700855751,0.6117521669460462,0.6995239900551173,0.4814133814366166,0.6475474530370652,0.3374678845685378,0.5323265888973432,0.4278763524164628,0.6842830339746546,0.2306582179938214,0.4769371734578823,0.3063983286839186,0.621795704281362,0.2115794502055456,0.5583501955570919,0.2274089852714513,0.6970309403922965,0.1442608708369903,0.6905570934260592,0.05997263917722001,0.6994611561938067
31,0.06199088418103282,-0.224746,-0.100486,-0.0351308,-0.0856628,-0.0793849,-0.0338115,-0.0470677,-0.0743782,-0.0409224,-0.0663611,-0.0570445,-0.0462592,-0.0640088,-0.0468449,-0.0182916,-0.211473,-0.432829,-0.725543,-0.870363,-0.95695,-0.155527,-0.0225744,-0.0323362,-0.287722,-0.293946,-0.452945,-0.466004,-0.504317,-0.503632,-0.511402,-0.552648,-0.529576,-0.534154,-0.504012,-0.472026,-0.561683,-0.67723,-0.827105,-0.875321,-0.922576,0.0384952,-0.0268601,0.0236719,0.0173941,-0.0281794,-0.0149232,0.0123874,-0.0210685,0.00437017,-0.00494642,-0.0157317,0.00201795,-0.015146,0.0,0.0,0.0,0.0,0.0,0.0,0.0,0.0,0.0,0.0,0.0,0.0,0.0,0.0,0.0,0.0,0.0,0.0,0.0,0.0,0.0,0.215358,0.294613,0.0,0.0,0.0,0.0,0.0,0.0,0.0,0.0,0.0,0.0,0.0,0.0,0.0,0.0,0.0,0.0,0.0,0.0255673,0.0,0.339797,0.0,0.0,0.0,0.0368979,0.0,0.015917,0.0629987,0.0491011,0.000937464,0.178401,0.9380091158189672,93.24205139440572,67.54365828550968,0.5257553356961249,0.6205356929508603,0.1575200445166151,0.4651021670715777,0.2056637622776243,0.3162068307788656,0.3354915497842297,0.366218413568045,0.6533112600003295,0.6998090036429706,0.4767237448620171,0.6592739279128073,0.3413406460056929,0.5296141789799347,0.4611686800492572,0.6800854768874687,0.2401147996081034,0.4666699928593225,0.3103837981218222,0.628761891771851,0.1976222876172128,0.5770797424700066,0.2008453391368118,0.6992112430323516,0.14129846583914,0.690059323407167,0.05326447049762978,0.699888739206956
32,0.06049390495786966,-0.218641,-0.0690741,-0.0198199,-0.058818,-0.0688697,-0.0416631,-0.0545105,-0.0570979,-0.0630483,-0.0604348,-0.0613379,-0.0318219,-0.0663583,-0.0214027,-0.0115952,-0.20858,-0.431415,-0.725173,-0.870331,-0.957046,-0.159052,0.0138491,0.0374074,-0.308707,-0.290324,-0.455082,-0.460733,-0.495871,-0.506319,-0.508839,-0.550288,-0.518157,-0.529659,-0.485047,-0.462499,-0.556475,-0.674317,-0.828922,-0.876555,-0.923303,0.00858023,-0.040674,-0.00167592,0.00837578,-0.0188308,-0.00598337,-0.00339602,0.00255436,-5.9154e-05,0.000843997,-0.028672,0.00586438,-0.0390912,0.0,0.0,0.0,0.0,0.0,0.0,0.0,0.0,0.0,0.0,0.0,0.0,0.0,0.0,0.0,0.0,0.0,0.0,0.0,0.0,0.0,0.110598,0.0215712,0.0,0.0,0.0,0.0,0.0,0.0,0.0,0.0,0.0,0.0,0.0,0.0,0.0,0.0,0.0,0.0,0.0,0.102558,0.0,0.57243,0.0347881,0.0,0.0,0.0639645,0.0,0.0246573,0.043213,0.0,0.00497336,0.114428,0.9395060950421303,93.36365335472286,66.97743557564078,0.5335779495509304,0.6348056479788738,0.1560763065401087,0.5056229471717325,0.1975647681012011,0.3109095542502361,0.3137722666754246,0.3691131866283114,0.6364682368137832,0.7,0.4833642901966005,0.6578127392886431,0.3379659260507244,0.512576988600438,0.4562757779128033,0.6873194723889198,0.2490995646505226,0.4589567142410659,0.308825191682999,0.6306975797662656,0.2007577535679655,0.5792341464346966,0.1935339260628004,0.6985816773247685,0.1436324312411034,0.6915482232215908,0.04652182968169732,0.7
33,0.06037706036420054,-0.211721,-0.0657954,-0.0106794,-0.022789,-0.0769587,-0.0317019,-0.0769436,-0.0736954,-0.0723324,-0.0752617,-0.0594128,-0.0913326,-0.0853475,-0.0360117,-0.035935,-0.229592,-0.445971,-0.731676,-0.873103,-0.957028,-0.201411,-0.0120959,0.0110966,-0.313743,-0.286917,-0.462643,-0.491067,-0.53091,-0.536839,-0.542518,-0.594677,-0.594745,-0.593764,-0.54882,-0.52941,-0.607522,-0.708035,-0.835999,-0.879554,-0.923837,0.00541833,-0.0496977,-0.037588,0.0165817,-0.0286752,0.0165666,0.0133184,0.0119554,0.0148847,-0.00096431,0.0309556,0.0249704,-0.0243653,0.0,0.0,0.0,0.0,0.0,0.0,0.0,0.0,0.0,0.0,0.0,0.0,0.0,0.0,0.0,0.0,0.0,0.0,0.0,0.0,0.0,0.156655,0.179502,0.0,0.0,0.0,0.0,0.0,0.0,0.0,0.0,0.0,0.0,0.0,0.0,0.0,0.0,0.0,0.0,0.0,0.136879,0.0,0.53949,0.0682912,0.0,0.0,0.0491237,0.00510873,0.024539,0.0449675,0.0,0.0167021,0.0,0.9396229396357995,94.39317587357718,71.0151764119032,0.5369178748600735,0.6315258919908849,0.161640634590262,0.5141656078501947,0.1939245055409833,0.3141330162417658,0.2849575277320449,0.3680260139085224,0.637340295624817,0.6990746251357005,0.4618554477577554,0.6554935535277174,0.3617017712541581,0.5327649419455515,0.460331528894464,0.683953744848243,0.2496658034176149,0.4548912640158562,0.3135984016839874,0.6304786958948956,0.1981977011693769,0.5868096460862117,0.2186627206426711,0.6980042184329767,0.1439435352878597,0.6880459372406604,0.0451214415479485,0.7
34,0.05534712110106565,-0.215633,-0.0686051,-0.00139353,-0.0176837,-0.0716035,-0.0339059,-0.0573207,-0.043472,-0.052812,-0.0592137,-0.0516369,-0.0619262,-0.100182,-0.0445738,-0.0419086,-0.233133,-0.447592,-0.731628,-0.8727,-0.956857,-0.158188,0.0130328,-0.0142171,-0.326799,-0.29117,-0.469151,-0.481586,-0.519485,-0.534801,-0.539814,-0.595536,-0.587134,-0.604169,-0.560649,-0.54023,-0.614384,-0.711584,-0.824468,-0.872408,-0.920105,0.013258,-0.0539536,-0.0376635,0.0162564,-0.0214412,0.00197358,-0.0118751,-0.00253509,0.00386657,-0.00371026,0.00657903,0.0448344,-0.0107733,0.0,0.0,0.0,0.0,0.0,0.0,0.0,0.0,0.0,0.0,0.0,0.0,0.0,0.0,0.0,0.0,0.0,0.0,0.0,0.0,0.0,0.0762024,0.2732,0.0,0.0,0.0,0.0,0.0,0.0,0.0,0.0,0.0,0.0,0.0,0.0,0.0,0.0,0.0,0.0,0.0,0.156925,0.0,0.170097,0.111623,0.0,0.0331332,0.0786424,0.0290194,0.0543083,0.0429226,0.0619111,0.0666429,0.0,0.9446528788989343,93.40068920185253,72.09555967757495,0.5307058553086373,0.6332198471488402,0.162543650358149,0.5179471987439869,0.1905064743222386,0.3111895228676484,0.2828342104239698,0.367182742867,0.6340742309049038,0.6991694703946182,0.4711559013684865,0.6584073650454504,0.3371669479849282,0.514322187937793,0.43948948616031,0.6894496375733974,0.2395827269267423,0.4578946264043366,0.3005005124892892,0.6285339790135309,0.1937598157213361,0.5856368895832017,0.2017193426393502,0.6983753125562109,0.1507511860806627,0.6886959901441199,0.0459367854111945,0.6997231131021037
35,0.05561144549491592,-0.199479,-0.0665089,-0.00988221,-0.0282133,-0.0699032,-0.0479926,-0.0477057,-0.0671168,-0.0617164,-0.0683335,-0.0701366,-0.0570278,-0.0339234,-0.0445144,-0.0665424,-0.25882,-0.466804,-0.741093,-0.877317,-0.957806,-0.170676,-0.0188011,-0.0595228,-0.311458,-0.312548,-0.488235,-0.508236,-0.550633,-0.565063,-0.572531,-0.659274,-0.657168,-0.657724,-0.64094,-0.634497,-0.689546,-0.757268,-0.826566,-0.871889,-0.918871,0.0108974,-0.0457292,-0.0273982,0.0142917,-0.0076188,-0.00790573,0.0115053,0.00610497,0.012722,0.0145252,0.00141632,-0.021688,-0.011097,0.0,0.0,0.0,0.0,0.0,0.0,0.0,0.0,0.0,0.0,0.0,0.0,0.0,0.0,0.0,0.0,0.0,0.0,0.0,0.0,0.0,0.119545,0.153154,0.0,0.0,0.0,0.0,0.0,0.0,0.0,0.0,0.0,0.0,0.0,0.0,0.0,0.0,0.0,0.0,0.0,0.209445,0.0,0.0,0.196588,0.0,0.0410275,0.0260025,0.0188791,0.0697746,0.0352358,0.0882273,0.245981,0.0,0.9443885545050841,93.87412104813897,77.0814312602902,0.532525222253123,0.6369442758785404,0.1602749625375033,0.48955969707254,0.1948275539048175,0.3091695269861017,0.2868123276581002,0.3705948534851988,0.6225737621140888,0.6987878882015962,0.4747279877675452,0.654053197087248,0.3325461412285993,0.5243946068590277,0.4530582127090287,0.6851091062692405,0.2360215912906676,0.4368226502005875,0.3038485201562671,0.6282280719039829,0.1979624277167245,0.5850350550275222,0.1920822221071529,0.6992855281145904,0.1155350609773826,0.6905244407061593,0.04156846033948025,0.699632221453997
36,0.05272764838557231,-0.209757,-0.0343422,-0.0122952,-0.0268368,-0.0655138,-0.00767037,-0.0485577,-0.0679782,-0.0112783,-0.0391624,-0.0382809,-0.0307013,-0.00454257,-0.0331844,-0.0479927,-0.241401,-0.453951,-0.734751,-0.874189,-0.957072,-0.1729,0.0339204,-0.0251537,-0.316566,-0.302562,-0.479255,-0.494635,-0.537998,-0.532865,-0.540166,-0.614516,-0.60173,-0.590099,-0.57946,-0.569217,-0.638453,-0.728019,-0.826707,-0.873223,-0.920163,-0.0183854,-0.0404324,-0.0258908,0.0127861,-0.0450573,-0.00416994,0.0152506,-0.0414493,-0.0135652,-0.0144468,-0.0220264,-0.0481851,-0.0195433,0.0,0.0,0.0,0.0,0.0,0.0,0.0,0.0,0.0,0.0,0.0,0.0,0.0,0.0,0.0,0.0,0.0,0.0,0.0,0.0,0.0,0.0,0.0,0.0,0.0,0.0,0.0,0.0,0.0,0.0,0.0,0.0,0.0,0.0,0.0,0.0,0.0,0.0,0.0,0.0,0.295782,0.0,0.0,0.271284,0.0,0.0250142,0.0515028,0.031089,0.10338,0.0642862,0.0924342,0.0724765,0.0,0.9472723516144277,93.74657708159963,73.71813312322028,0.5319880073365694,0.6316528872628168,0.1548758427431176,0.5247921635511456,0.1952544010995654,0.3088600157648128,0.285803296056909,0.3605829665446695,0.6212909939471164,0.6980240907375869,0.4411261943542445,0.658097972722075,0.3333217761048748,0.5236789820609498,0.4571858187995241,0.6855792546550371,0.2148745043594124,0.4441237076334661,0.2990166731390921,0.6469163195044974,0.1863170948967937,0.589893433008298,0.1828427467817491,0.6999314651928883,0.1089303923494325,0.6905972450636588,0.0429758342742394,0.699337197085054
37,0.04310148944617143,-0.217335,-0.0591641,-0.00859513,-0.0393655,-0.0217921,-0.00225109,-0.0545804,-0.0143294,-0.034595,-0.0408635,-0.0512496,-0.0516126,-0.0125791,-0.0158513,-0.0495206,-0.243705,-0.455035,-0.734419,-0.873659,-0.957037,-0.10949,0.0441988,-0.0497413,-0.330795,-0.311275,-0.474486,-0.493338,-0.535712,-0.533309,-0.536335,-0.61487,-0.60799,-0.595043,-0.574016,-0.571259,-0.640284,-0.728343,-0.811549,-0.864112,-0.915501,0.0160626,-0.0345064,-0.00373599,-0.0213094,-0.0408504,0.0114789,-0.0287721,-0.00850651,-0.00223797,0.00814809,0.00851111,-0.0305224,-0.0272502,0.0,0.0,0.0,0.0,0.0,0.0,0.0,0.0,0.0,0.0,0.0,0.0,0.0,0.0,0.0,0.0,0.0,0.0,0.0,0.0,0.0,0.112807,0.0,0.0,0.0,0.0,0.0,0.0,0.0,0.0,0.0,0.0,0.0,0.0,0.0,0.0,0.0,0.0,0.0,0.0,0.150119,0.0,0.0,0.338111,0.0,0.0166743,0.119105,0.0,0.031715,0.00649917,0.0254674,0.0,0.0,0.9568985105538286,92.32559975370378,74.69738139428874,0.534033377306096,0.6409144705580352,0.1555820769491383,0.5027344165289114,0.1949720391132094,0.3089892587254728,0.2904858236040738,0.3432122557299461,0.569229067024303,0.6979718280672264,0.4353620891727524,0.6578113815833062,0.3367640710305508,0.5217972869126898,0.4079915044402228,0.6868139590196852,0.2206901347723798,0.4269612290809331,0.2926879288776335,0.6325133526737251,0.1915781738216843,0.5853616078775068,0.1934000376179839,0.6996663929790834,0.110523386396915,0.6904767315343923,0.0366157086949615,0.6989875096391169
38,0.03610916534444297,-0.178517,-0.0301214,-0.00995869,-0.0586317,-0.0354709,-0.0130406,-0.035064,-0.034695,-0.0493746,-0.0436494,-0.0690363,-0.0805249,-0.0112487,-0.0205058,-0.042829,-0.239473,-0.454023,-0.736115,-0.875428,-0.957377,-0.236945,-0.0242225,0.00909068,-0.294184,-0.322667,-0.485416,-0.504302,-0.548417,-0.545012,-0.550667,-0.622566,-0.620067,-0.592387,-0.570388,-0.561832,-0.635045,-0.727427,-0.849204,-0.887249,-0.927359,-0.00598778,-0.0261505,0.0225225,-0.000638289,-0.0230685,-0.00104514,-0.00141418,0.0132654,0.00754019,0.0329271,0.0444158,-0.0248605,-0.0156034,0.0,0.0,0.0,0.0,0.0,0.0,0.0,0.0,0.0,0.0,0.0,0.0,0.0,0.0,0.0,0.0,0.0,0.0,0.0,0.0,0.0,0.406784,0.0,0.0,0.0,0.0,0.0,0.0,0.0,0.0,0.0,0.0,0.0,0.0,0.0,0.0,0.0,0.0,0.0,0.0,0.213749,0.0,0.0,0.214202,0.0,0.0396322,0.0,0.0,0.0258034,0.0227954,0.0424896,0.0,0.0,0.963890834655557,95.72216220202444,72.44365844801135,0.5353607858272758,0.6442865604886068,0.1524801768248406,0.5058855013866331,0.1937236345539234,0.3084900381386229,0.3013610939968661,0.352326999251942,0.5740474544790722,0.6981785978121295,0.4360284662355509,0.6558892293849014,0.3251922378117512,0.5339695448421622,0.4223809369809828,0.6889389851966052,0.2270038569902735,0.4324640687910639,0.2914217617135735,0.6339588506949996,0.1986322729940861,0.5849117714980895,0.209072989507901,0.699787625107372,0.1111978204419797,0.6909811302104758,0.04018596951302006,0.7
39,0.03106401584340945,-0.170206,-0.0350916,-0.0106284,-0.0429152,-0.0249898,-0.0255942,-0.0442385,-0.0247671,-0.0457083,-0.0348941,-0.0554082,-0.0334288,0.00154169,-0.022881,-0.0549844,-0.250841,-0.461901,-0.739452,-0.876795,-0.957551,-0.21936,-0.024683,-0.0184741,-0.28344,-0.329548,-0.491969,-0.513664,-0.55902,-0.56153,-0.568254,-0.644584,-0.635476,-0.623227,-0.609924,-0.604855,-0.667985,-0.748135,-0.84303,-0.88251,-0.924543,0.00402763,-0.0204357,0.0118512,-0.00607422,-0.00546978,0.0131745,-0.00629694,0.0146442,0.0038301,0.0243442,0.0023648,0.0326057,-0.00818297,0.0,0.0,0.0,0.0,0.0,0.0,0.0,0.0,0.0,0.0,0.0,0.0,0.0,0.0,0.0,0.0,0.0,0.0,0.0,0.0,0.0,0.0845632,0.0181814,0.0,0.0,0.0,0.0,0.0,0.0,0.0,0.0,0.0,0.0,0.0,0.0,0.0,0.0,0.0,0.0,0.0,0.16631,0.0,0.045045,0.211248,0.0,0.0354516,0.0,0.0265308,0.0408838,0.0886496,0.134044,0.0,0.0,0.9689359841565905,95.31017275056266,74.94076762165408,0.543840511253414,0.6544542343816084,0.1560164378023748,0.5064508321205128,0.1947867724817519,0.3064429612375166,0.2898629889697655,0.3533008526280449,0.558541951925473,0.6975955539102959,0.4466440512336619,0.6551814835605851,0.3285398405701577,0.5277857082098178,0.4124611053068796,0.6882057043764973,0.2252836378579406,0.4351584663675142,0.2824779774551928,0.6322807516614919,0.1931166028487716,0.5925675184459673,0.1805428671800299,0.7,0.1038073549937907,0.6899343350559934,0.03824436202863257,0.6988182316630815
40,0.03268856752107685,-0.174652,-0.0212353,-0.0378152,-0.0375503,-0.0198746,-0.0151609,-0.0398868,-0.0193607,-0.0419699,-0.0244398,-0.0256953,-0.0234409,-0.000342436,-0.0134103,-0.0595789,-0.256188,-0.465709,-0.74103,-0.877442,-0.957734,-0.202259,-0.00140022,-0.026351,-0.288459,-0.3339,-0.49709,-0.515582,-0.562067,-0.56775,-0.574168,-0.648785,-0.647472,-0.641763,-0.625512,-0.625623,-0.684371,-0.756042,-0.836113,-0.877894,-0.922002,-0.0114533,0.00512661,0.00486172,-0.0128139,-0.0175277,0.00719825,-0.0133278,0.00928131,-0.00824875,-0.00699328,-0.00924762,-0.0323461,-0.0192782,0.0,0.0,0.0,0.0,0.0,0.0,0.0,0.0,0.0,0.0,0.0,0.0,0.00308338,0.0,0.0,0.0,0.0,0.0,0.0,0.0,0.0,0.0,0.0,0.0,0.0,0.0,0.0,0.0,0.0,0.0,0.0,0.0,0.0,0.0,0.0,0.0,0.0,0.0,0.0,0.0,0.182735,0.0,0.0924499,0.18333,0.0,0.0618006,0.0,0.0851078,0.0486282,0.186026,0.143793,0.0652114,0.0,0.9673114324789231,94.75529357348903,76.31842861443108,0.5485271127550347,0.6546925826438347,0.1531694726745902,0.5121154299197754,0.2073813707452099,0.3039940174938771,0.2870802977519533,0.3550183948661563,0.5532089535258056,0.6977790321720299,0.4372401080356253,0.6554311113744117,0.3251260060111875,0.5271154042270021,0.4097436592068102,0.689700435524504,0.2229780474144779,0.4332310703093608,0.2746173340581027,0.6306993113458438,0.1842604586768914,0.6077413436625354,0.1735385258292245,0.6994713482263352,0.1031997865946207,0.6894288222012978,0.03427775843613545,0.6996370070864241
41,0.03112325874139032,-0.167276,-0.0183145,-0.0365119,-0.0448905,-0.0157127,-0.0121571,-0.0425231,-0.0201594,-0.0316781,-0.0230017,-0.00998628,-0.00987953,-0.00412073,-0.00741773,-0.0605734,-0.258087,-0.467343,-0.741982,-0.877967,-0.957848,-0.210975,-0.00831465,-0.0288459,-0.288618,-0.340764,-0.500519,-0.518935,-0.566665,-0.571317,-0.578164,-0.651234,-0.650432,-0.649679,-0.630413,-0.632911,-0.690586,-0.759665,-0.838735,-0.879368,-0.922698,-0.0128088,0.00538859,0.0137672,-0.0154106,-0.0189662,0.0113999,-0.0109639,0.000554873,-0.00812154,-0.021137,-0.0212437,-0.0270025,-0.0237055,0.0,0.0,0.0,0.0,0.0,0.0,0.0,0.0,0.0,0.0,0.0,0.0,0.00239851,0.0,0.0,0.0,0.0,0.0,0.0,0.0,0.0,0.0,0.0,0.0,0.0,0.0,0.0,0.0,0.0,0.0,0.0,0.0,0.0,0.0,0.0,0.0,0.0,0.0,0.0,0.0,0.133775,0.0102532,0.111897,0.128464,0.0,0.0905936,0.0,0.159358,0.0304382,0.155864,0.108726,0.0,0.0,0.9688767412586097,95.00445681648631,76.59472612499678,0.551343189592886,0.6591776993683918,0.1536933436641472,0.5146971827947682,0.2065099587021716,0.3023733478754046,0.291605272211615,0.3566305619488783,0.5448400877586081,0.6968873389597096,0.4325523387736913,0.6549877679990268,0.3263014074853411,0.5271286784234318,0.4108476898322284,0.6906430555352323,0.2181262850612511,0.4348836363889899,0.2719818774247187,0.6294401611111282,0.1794134840047809,0.615297501326434,0.1659688430899234,0.6993041971551464,0.1042149816735123,0.689328391801691,0.03215575946096527,0.6992854021123671
42,0.0,-0.203843,-0.042094,-0.00845207,-0.0271162,-0.00850697,-0.0109693,-0.0116603,-0.00979534,-0.0208693,-0.0206421,-0.0111626,-0.00778738,-0.0444601,-0.0115842,-0.0530974,-0.249046,-0.459973,-0.737773,-0.875671,-0.957365,-0.184726,0.00983181,-0.0333441,-0.302408,-0.334389,-0.493184,-0.50223,-0.545805,-0.552133,-0.557154,-0.625164,-0.616764,-0.629783,-0.600017,-0.597447,-0.661899,-0.74333,-0.827964,-0.873436,-0.919966,0.042094,0.00845207,0.0271162,0.00850697,0.0109693,0.0116603,0.00979534,0.0208693,0.0206421,0.0111626,0.00778738,0.0444601,0.0115842,0.0,0.0,0.0,0.0,0.0,0.0,0.0,0.0,0.0,0.0,0.0,0.0,0.0,0.0,0.0,0.0,0.0,0.0,0.0,0.0,0.0,0.0,0.0,0.0,0.0,0.0,0.0,0.0,0.0,0.0,0.0,0.0,0.0,0.0,0.0,0.0,0.0,0.0,0.0,0.0,0.0869263,0.0210304,0.157949,0.0732299,0.0,0.124906,0.0,0.161578,0.0141951,0.072416,0.0386777,0.0,0.0,1.0,93.95524254856635,75.26665409015389,0.5463949469621804,0.6340885279709835,0.1582149217587378,0.5107441430712951,0.1946558563102011,0.3032658803997865,0.2822523569622459,0.3575195133577768,0.5394173957343432,0.6955367173791497,0.434202109676857,0.654069875359684,0.3059666729864317,0.5241733778262226,0.4026557435222625,0.6892160771667173,0.2145513138874792,0.4353653024980753,0.2736159551846655,0.6296402185538987,0.1773858016657846,0.6015598611191713,0.1687208442733036,0.6994823533507541,0.1228480270736781,0.6911546524501931,0.03407838796836354,0.6997679123876143
43,0.01845096330119256,-0.180843,-0.0249429,-0.0294181,-0.0242999,-0.0127313,-0.006535,-0.00591152,-0.0173912,-0.0112546,-0.0198554,-0.0121058,-0.00494163,-0.0141381,-0.0137148,-0.0560216,-0.25221,-0.462537,-0.739264,-0.876494,-0.957527,-0.187243,0.00833836,-0.0243579,-0.290964,-0.335606,-0.497831,-0.507381,-0.552568,-0.557674,-0.563517,-0.634799,-0.627905,-0.631058,-0.611794,-0.610068,-0.671962,-0.749114,-0.832385,-0.875899,-0.921111,0.00649198,0.0109671,0.00584898,-0.00571969,-0.011916,-0.0125394,-0.00105978,-0.00719641,0.0014044,-0.00634514,-0.0135093,-0.0043129,-0.00473615,0.0,0.0,0.0,0.0,0.0,0.0,0.0,0.0,0.0,0.0,0.0,0.0,0.0,0.0,0.0,0.0,0.0,0.0,0.0,0.0,0.0,0.0196636,0.0,0.0,0.0,0.0,0.0,0.0,0.0,0.0,0.0,0.0,0.0,0.0,0.0,0.0,0.0,0.0,0.0,0.0,0.211033,0.0379345,0.339362,0.0962506,0.0219387,0.195098,0.0195907,0.245466,0.0554793,0.102455,0.0542525,0.0889201,0.0231684,0.9815490366988074,94.38916013785358,75.70116622604768,0.5473945404420726,0.6523005039946326,0.1527675822257931,0.5076362233080779,0.2038168871858466,0.303309634064174,0.2796921557393067,0.3573120022565738,0.5422251142505555,0.6954165168176939,0.4282680950270707,0.6538216574105883,0.3034573851263631,0.5285173171077708,0.4097662199943364,0.6910157541020576,0.2098016469635768,0.4356332561769987,0.2713819069331499,0.6285101600399581,0.1781291346822102,0.6047141939641473,0.166379447618856,0.7,0.1096678872832845,0.6896931983996494,0.0348585342826,0.6998376035518239
44,0.02464181568607648,-0.172383,-0.00769327,-0.0315799,-0.019434,-0.0144671,-0.00752971,-0.00456249,-0.016548,-0.00835077,-0.018501,-0.00920132,-0.00125876,-0.0184365,-0.00565428,-0.0553839,-0.252802,-0.463303,-0.73987,-0.876878,-0.95759,-0.200138,0.0154197,-0.0189968,-0.279981,-0.336103,-0.500569,-0.510082,-0.555973,-0.559514,-0.565628,-0.636894,-0.630569,-0.635717,-0.612073,-0.612357,-0.674527,-0.751035,-0.836792,-0.878542,-0.922437,-0.0169485,0.00693808,-0.0052078,-0.0101747,-0.0171121,-0.0200793,-0.00809383,-0.016291,-0.00614077,-0.0154405,-0.0233831,-0.00620531,-0.0189875,0.0,0.0,0.0,0.0,0.0,0.0,0.0,0.0,0.0,0.0,0.0,0.0,0.0,0.0,0.0,0.0,0.0,0.0,0.0,0.0,0.0,0.0363403,0.0,0.0,0.0,0.0,0.0,0.0,0.0,0.0,0.0,0.0,0.0,0.0,0.0,0.0,0.0,0.0,0.0,0.0,0.249314,0.0598687,0.417624,0.0785057,0.0,0.0441291,0.0174711,0.187611,0.0610969,0.068305,0.0227863,0.0716685,0.00422376,0.9753581843139235,94.79266206365229,75.66660766316551,0.5482359628827009,0.6561557275756797,0.1494869330474091,0.5146727289418391,0.2044476510922478,0.3033999452179648,0.276128788192697,0.3582073399257666,0.5431772366305063,0.6958944403607066,0.4270059724008713,0.6528118504028669,0.3019065159116187,0.5282143527719215,0.4078891562922712,0.6907743062560935,0.2078797364919912,0.4348204960793868,0.2698698857185201,0.6285686302614935,0.1787582266785149,0.6113635268667174,0.1639018720473966,0.7,0.1109797314149401,0.6893459673125313,0.03254110698313084,0.7
45,0.02067821778628043,-0.176974,-0.00842894,-0.0236358,-0.0150404,-0.0138093,-0.0073077,-0.00848298,-0.0162156,-0.00631974,-0.0225593,-0.00981902,-0.00346298,-0.0125071,-0.00468823,-0.0565908,-0.25429,-0.464499,-0.740531,-0.87723,-0.957666,-0.210696,0.0119032,-0.0228625,-0.27333,-0.33615,-0.502,-0.512514,-0.559041,-0.561161,-0.567868,-0.641414,-0.636315,-0.639024,-0.617071,-0.61805,-0.679141,-0.753612,-0.838147,-0.879271,-0.922762,-0.0122493,0.00295755,-0.00563778,-0.00686889,-0.0133705,-0.0121952,-0.00446264,-0.0143585,0.00188111,-0.0108592,-0.0172152,-0.00817115,-0.01599,0.0,0.0,0.0,0.0,0.0,0.0,0.0,0.0,0.0,0.0,0.0,0.0,0.0,0.0,0.0,0.0,0.0,0.0,0.0,0.0,0.0,0.0671797,0.0,0.0,0.0,0.0,0.0,0.0,0.0,0.0,0.0,0.0,0.0,0.0,0.0,0.0,0.0,0.0,0.0,0.0,0.164688,0.087621,0.382782,0.0499974,0.0,0.0,0.00128346,0.117048,0.0459183,0.0267543,0.0,0.0550563,0.0,0.9793217822137196,94.92606947874074,75.90074297345231,0.5478980442716649,0.6491838374819984,0.1508903510893587,0.5167887856270277,0.200885896622393,0.3037953437031741,0.2730859991386456,0.3587521763658288,0.5423160053879038,0.6965889538229311,0.4256989382252054,0.6525012713866107,0.3036406612702329,0.5274645146754917,0.4072326204832986,0.690734291562357,0.2065316512302688,0.4339030693588083,0.2717379312994254,0.6281722576356864,0.1786226056804957,0.6111062518229589,0.1643951518276754,0.6998437308862022,0.1085478805566328,0.6903590073329137,0.03203803723056087,0.6994380682211039
46,0.002549044655847488,-0.180092,-0.0154478,-0.00960835,-0.00621316,-0.0144471,-0.00794635,0.00407144,-0.0169212,-0.0102072,-0.00718829,-0.00347255,0.00081816,-0.00972716,-0.00183873,-0.0545653,-0.25258,-0.463257,-0.739913,-0.876922,-0.957594,-0.211374,0.00820568,-0.024477,-0.271798,-0.335618,-0.501944,-0.508605,-0.554146,-0.555991,-0.562736,-0.636693,-0.629663,-0.632249,-0.609806,-0.611351,-0.674119,-0.751011,-0.837996,-0.879299,-0.922829,0.0128988,0.00705931,0.00366411,0.0118981,0.00539731,0.00662048,0.0143721,0.00765818,0.00463925,0.000923502,0.0033672,0.00717811,-0.00071032,0.0,0.0,0.0,0.0,0.0,0.0,0.0,0.0,0.0,0.0,0.0,0.0,0.0,0.0,0.0,0.0,0.0,0.0,0.0,0.0,0.0,0.114792,0.0,0.0,0.0,0.0,0.0,0.0,0.0,0.0,0.0,0.0,0.0,0.0,0.0,0.0,0.0,0.0,0.0,0.0,0.114978,0.0963756,0.347902,0.0346385,0.0,0.0,0.0,0.0679243,0.0499492,0.00503592,0.0,0.0358835,0.0,0.9974509553441525,94.9010632659881,75.58847263709379,0.5510051391593895,0.6478331562721374,0.1523704483043784,0.5132143018087733,0.1948669844817447,0.304147896656515,0.2688025342193367,0.3627320365158397,0.5419413561132821,0.6961268764016735,0.4272191166570667,0.6529617870788305,0.2959066378727962,0.5270848181991975,0.4073170987801898,0.6900204120351314,0.2079834617144573,0.4331773405224875,0.2706129612438646,0.6412888158783941,0.1752956910658743,0.6105345497436016,0.1630243934605394,0.7,0.1079615669037127,0.6901344729569487,0.03175959934446315,0.6998682102853423
47,0.000948035007749537,-0.172234,-0.0100868,-0.00842688,-0.00112777,-0.0166235,-0.0133023,-0.00164583,-0.0135536,-0.00524211,-0.00139777,-0.00664259,-0.00793729,-0.00617687,-0.00978588,-0.0586506,-0.256208,-0.466242,-0.741783,-0.878003,-0.957804,-0.243657,-0.0111849,-0.0164822,-0.250131,-0.336057,-0.506304,-0.516383,-0.563894,-0.563393,-0.571031,-0.647595,-0.644018,-0.643626,-0.624966,-0.624696,-0.68445,-0.757286,-0.846955,-0.88458,-0.925435,0.0091388,0.00747884,0.000179736,0.0156755,0.0123543,0.000697797,0.0126055,0.00429407,0.000449737,0.00569455,0.00698926,0.00522883,0.00883784,0.0,0.0,0.0,0.0,0.0,0.0,0.00814288,0.0,0.0,0.0,0.0,0.00163632,0.0,0.0,0.0,0.0,0.0,0.0,0.0,0.0,0.0,0.147615,0.0,0.0,0.0,0.0,0.0,0.0,0.0,0.0,0.0,0.0,0.0,0.0,0.0,0.0,0.0,0.0,0.0,0.0,0.158716,0.118291,0.369514,0.0584347,0.0107946,0.013241,0.0287443,0.0878833,0.0603176,0.00688293,0.00673441,0.0502397,0.0,0.9990519649922505,95.70302047852029,75.83798805263064,0.5521754560028205,0.6466582506260269,0.1522025759075422,0.512221824244443,0.1939072903972139,0.3029377726978301,0.2640607892714715,0.3621103041712268,0.541366022475773,0.6967417339352809,0.4289868034784326,0.652494622891748,0.2977482667705965,0.52652557178023,0.4036072146592853,0.6913444944608035,0.2043974274431874,0.4325876048305691,0.2649877712691531,0.641134693642884,0.1751526304303983,0.6097969588990462,0.1655821460083148,0.6996240383728288,0.1055003483508305,0.6899801316785473,0.03334166902385804,0.7
48,0.0,-0.171823,-0.00363178,-0.000469904,0.00034019,-0.012461,-0.00595364,-0.000192153,-0.0138406,0.00162668,-0.00173038,-0.00145712,-0.00372364,-0.00138693,-0.00118596,-0.0566406,-0.255374,-0.465837,-0.741693,-0.877999,-0.957795,-0.251117,-0.00755016,-0.0155115,-0.246314,-0.337978,-0.505663,-0.51821,-0.566481,-0.560885,-0.569048,-0.645522,-0.640772,-0.639531,-0.618898,-0.620744,-0.682113,-0.756378,-0.849123,-0.88599,-0.926183,0.00363178,0.000469904,0.00034019,0.012461,0.00595364,0.000192153,0.0138406,0.00162668,0.00173038,0.00145712,0.00372364,0.00138693,0.00118596,0.0,0.0,0.0,0.0,0.0,0.0,0.00485122,0.0,0.0,0.0,0.0,0.0,0.0,0.0,0.0,0.0,0.0,0.0,0.0,0.0,0.0,0.104642,0.0,0.0,0.0,0.0,0.0,0.0,0.0,0.0,0.0,0.0,0.0,0.0,0.0,0.0,0.0,0.0,0.0,0.0,0.220692,0.144013,0.370607,0.121137,0.0355032,0.0146366,0.0791665,0.100613,0.0614222,0.018272,0.0207129,0.0619597,0.0176757,1.0,95.88613796643317,75.60526761849921,0.5542829563211125,0.6462874399330851,0.1505038655541662,0.5129252539172934,0.1903723835838201,0.302806310957233,0.2629214677517419,0.3629649079863607,0.5347082813895865,0.6964643877999728,0.4215679197698298,0.6531454540542114,0.2986709311909668,0.5317830863437408,0.4032480023408642,0.6916570216464698,0.2009406812547179,0.431116574595091,0.2662483125305534,0.642888308768337,0.172391205674314,0.6084433168680621,0.1639317789226898,0.6999346661782894,0.1038505418052798,0.6897625050433672,0.03132822011046332,0.6995382015567836
49,0.0,-0.168342,-0.00295395,-0.0020517,-0.00089219,-0.0110901,-0.00836813,0.00185114,-0.0100642,0.00188571,0.00025608,-0.0061384,0.00077302,0.00206871,-0.00457939,-0.0556474,-0.254123,-0.465002,-0.741422,-0.877927,-0.957774,-0.259509,-0.0144993,-0.00712777,-0.243009,-0.337966,-0.50554,-0.51793,-0.566278,-0.554728,-0.567795,-0.639818,-0.635583,-0.633309,-0.614519,-0.615224,-0.677792,-0.754409,-0.852299,-0.888058,-0.927291,0.00295395,0.0020517,0.00089219,0.0110901,0.00836813,0.00185114,0.0100642,0.00188571,0.00025608,0.0061384,0.00077302,0.00206871,0.00457939,0.0,0.0,0.0,0.00068038,0.0,0.0,0.00446691,0.0,0.00325336,0.0,0.0,0.0,0.0,0.0,0.0,0.0,0.0,0.0,0.0,0.0,0.0,0.0802182,0.0,0.0,0.0,0.0,0.0,0.0,0.0,0.0,0.0,0.0,0.0,0.0,0.0,0.0,0.0,0.0,0.0,0.0,0.237754,0.145796,0.372678,0.220825,0.0593178,0.0150209,0.134529,0.105773,0.0657107,0.0211863,0.0281602,0.065412,0.0200476,1.0,96.14081008809589,75.192635229976,0.5534052871001789,0.6476091331797376,0.1500291790532081,0.511514729285497,0.190742742946036,0.3024580887420854,0.2631831722769971,0.3624899349139928,0.5342981485802749,0.6976732196358532,0.4229643488160973,0.652964675667266,0.2971805252025962,0.5317830970885398,0.3996131743286921,0.6918204895424438,0.2005619315792564,0.4310766120005008,0.2646892700546574,0.6425629177234023,0.1740990536935956,0.6075604079447577,0.1620379431091029,0.6999487226895065,0.103061077858447,0.6902901126852441,0.03265936900078309,0.699917558176276
50,0.009692928704515102,-0.173258,-0.00242131,-0.00400586,-0.00285309,-0.00980402,-0.0171808,0.00167076,-0.00845541,-0.00108869,-0.0104305,-0.00220618,0.00077323,-0.00864695,0.00250734,-0.0479602,-0.247619,-0.460585,-0.739578,-0.877178,-0.95766,-0.280602,-0.0207816,0.0149484,-0.241354,-0.333797,-0.500236,-0.512746,-0.553939,-0.536408,-0.56084,-0.625282,-0.615279,-0.615034,-0.587537,-0.588752,-0.658049,-0.743488,-0.853908,-0.891696,-0.929364,-0.00727162,-0.00568706,-0.00683984,0.000111087,0.0074879,0.0113637,-0.00123752,-0.00860424,0.000737599,-0.00748675,0.0104662,-0.00104598,0.0122003,0.0,0.0,0.0,0.0,0.0,0.0,0.00816919,0.0,0.00702478,0.00051216,0.0,0.00154604,0.00413742,0.0,0.0,0.0,0.0,0.0,0.0,0.0,0.0,0.0391521,0.0,0.0,0.0,0.0,0.0,0.0,0.0,0.0,0.0,0.0,0.0,0.0,0.0,0.0,0.0,0.0,0.0,0.0,0.252157,0.15363,0.378124,0.309545,0.0796986,0.0187231,0.215043,0.111906,0.0663671,0.0334631,0.0297062,0.0707029,0.0292064,0.9903070712954849,96.49930545552988,73.7066640281156,0.5660061168062198,0.6478418305619189,0.1493694176500523,0.5119522919710083,0.1909258267668931,0.3025335630569643,0.2639747613331712,0.3615137451604665,0.5325339264249405,0.6975363473029276,0.4318862816217163,0.6537109375545912,0.2969997098653825,0.5306203233690818,0.3986264592190698,0.6918494784850375,0.2020066863326796,0.4303967024234425,0.2667069863806285,0.6338163850689381,0.1738173256346801,0.6076635002737785,0.1635892352244474,0.7,0.1080332229341812,0.6885052338962243,0.03221587544354032,0.7
